// Gerado por tools/make_splash.py a partir de celeros_logo.png — nao editar a mao.
// Logo composta sobre THEME_BG (0x080C18), RGB565 r5g6b5 little-endian;
// o setSwapBytes(true) do Board::init cuida da ordem no barramento.
#ifndef CELEROS_ASSETS_SPLASH_LOGO_H
#define CELEROS_ASSETS_SPLASH_LOGO_H

#include <stdint.h>

#define SPLASH_LOGO_W 200
#define SPLASH_LOGO_H 60

static const uint16_t kSplashLogo[SPLASH_LOGO_W * SPLASH_LOGO_H] = {
    0x0863, 0x0863, 0x0863, 0x0863, 0x0863, 0x0863, 0x0863, 0x0863, 0x0863, 0x0863, 0x0863, 0x0863,
    0x0863, 0x0863, 0x0863, 0x0863, 0x0863, 0x0863, 0x0863, 0x0863, 0x0863, 0x0863, 0x0863, 0x0863,
    0x0863, 0x0863, 0x0863, 0x0863, 0x0863, 0x0863, 0x0863, 0x0863, 0x0863, 0x0863, 0x0863, 0x0863,
    0x0863, 0x0863, 0x0863, 0x0863, 0x0863, 0x0863, 0x0863, 0x0863, 0x0863, 0x0863, 0x0863, 0x0863,
    0x0863, 0x0863, 0x0863, 0x0863, 0x0863, 0x0863, 0x0863, 0x0863, 0x0863, 0x0863, 0x0863, 0x0863,
    0x0863, 0x0863, 0x0863, 0x0863, 0x0863, 0x0863, 0x0863, 0x0863, 0x0863, 0x0863, 0x0863, 0x0863,
    0x0863, 0x0863, 0x0863, 0x0863, 0x0863, 0x0863, 0x0863, 0x0863, 0x0863, 0x0863, 0x0863, 0x0863,
    0x0863, 0x0863, 0x0863, 0x0863, 0x0863, 0x0863, 0x0863, 0x0863, 0x0863, 0x0863, 0x0863, 0x0863,
    0x0863, 0x0863, 0x0863, 0x0863, 0x0863, 0x0863, 0x0863, 0x0863, 0x0863, 0x0863, 0x0863, 0x0863,
    0x0863, 0x0863, 0x0863, 0x0863, 0x0863, 0x0863, 0x0863, 0x0863, 0x0863, 0x0863, 0x0863, 0x0863,
    0x0863, 0x0863, 0x0863, 0x0863, 0x0863, 0x0863, 0x0863, 0x0863, 0x0863, 0x0863, 0x0863, 0x0863,
    0x0863, 0x0863, 0x0863, 0x0863, 0x0863, 0x0863, 0x0863, 0x0863, 0x0863, 0x0863, 0x0863, 0x0863,
    0x0863, 0x0863, 0x0863, 0x0863, 0x0863, 0x0863, 0x0863, 0x0863, 0x0863, 0x0863, 0x0863, 0x0863,
    0x0863, 0x0863, 0x0863, 0x0863, 0x0863, 0x0863, 0x0863, 0x0863, 0x0863, 0x0863, 0x0863, 0x0863,
    0x0863, 0x0863, 0x0863, 0x0863, 0x0863, 0x0863, 0x0863, 0x0863, 0x0863, 0x0863, 0x0863, 0x0863,
    0x0863, 0x0863, 0x0863, 0x0863, 0x0863, 0x0863, 0x0863, 0x0863, 0x0863, 0x0863, 0x0863, 0x0863,
    0x0863, 0x0863, 0x0863, 0x0863, 0x0863, 0x0863, 0x0863, 0x0863, 0x0863, 0x0863, 0x0863, 0x0863,
    0x0863, 0x0863, 0x0863, 0x0863, 0x0863, 0x0863, 0x0863, 0x0863, 0x0863, 0x0863, 0x0863, 0x0863,
    0x0863, 0x0863, 0x0863, 0x0863, 0x0863, 0x0863, 0x0863, 0x0863, 0x0863, 0x0863, 0x0863, 0x0863,
    0x0863, 0x0863, 0x0863, 0x0863, 0x0863, 0x0863, 0x0863, 0x0863, 0x0863, 0x0863, 0x0863, 0x0863,
    0x0863, 0x0863, 0x0863, 0x0863, 0x0863, 0x0863, 0x0863, 0x0863, 0x0863, 0x0863, 0x0863, 0x0863,
    0x0863, 0x0863, 0x0863, 0x0863, 0x0863, 0x0863, 0x0863, 0x0863, 0x0863, 0x0863, 0x0863, 0x0863,
    0x0863, 0x0863, 0x0863, 0x0863, 0x0863, 0x0863, 0x0863, 0x0863, 0x0863, 0x0863, 0x0863, 0x0863,
    0x0863, 0x0863, 0x0863, 0x0863, 0x0863, 0x0863, 0x0863, 0x0863, 0x0863, 0x0863, 0x0863, 0x0863,
    0x0863, 0x0863, 0x0863, 0x0863, 0x0863, 0x0863, 0x0863, 0x0863, 0x0863, 0x0863, 0x0863, 0x0863,
    0x0863, 0x0863, 0x0863, 0x0863, 0x0863, 0x0863, 0x0863, 0x0863, 0x0863, 0x0863, 0x0863, 0x0863,
    0x0863, 0x0863, 0x0863, 0x0863, 0x0863, 0x0863, 0x0863, 0x0863, 0x0863, 0x0863, 0x0863, 0x0863,
    0x0863, 0x0863, 0x0863, 0x0863, 0x0863, 0x0863, 0x0863, 0x0863, 0x0863, 0x0863, 0x0863, 0x0863,
    0x0863, 0x0863, 0x0863, 0x0863, 0x0863, 0x0863, 0x0863, 0x0863, 0x0863, 0x0863, 0x0863, 0x0863,
    0x0863, 0x0863, 0x0863, 0x0863, 0x0863, 0x0863, 0x0863, 0x0863, 0x0863, 0x0863, 0x0863, 0x0863,
    0x0863, 0x0863, 0x0863, 0x0863, 0x0863, 0x0863, 0x0863, 0x0863, 0x0863, 0x0863, 0x0863, 0x0863,
    0x0863, 0x0863, 0x0863, 0x0863, 0x0863, 0x0863, 0x0863, 0x0863, 0x0863, 0x0863, 0x0863, 0x0863,
    0x0863, 0x0863, 0x0863, 0x0863, 0x0863, 0x0863, 0x0863, 0x0863, 0x0863, 0x0863, 0x0863, 0x0863,
    0x0863, 0x0863, 0x0863, 0x0863, 0x0863, 0x0863, 0x0863, 0x0863, 0x0863, 0x0863, 0x0863, 0x0863,
    0x0863, 0x0863, 0x0863, 0x0863, 0x0863, 0x0863, 0x0863, 0x0863, 0x0863, 0x0863, 0x0863, 0x0863,
    0x0863, 0x0863, 0x0863, 0x0863, 0x0863, 0x08A6, 0x08E8, 0x08E8, 0x08E8, 0x08E8, 0x0908, 0x0908,
    0x0908, 0x0908, 0x0908, 0x0928, 0x0128, 0x0128, 0x0128, 0x0128, 0x0148, 0x0148, 0x0148, 0x0148,
    0x0168, 0x0168, 0x0168, 0x0168, 0x0188, 0x0188, 0x0188, 0x0188, 0x0188, 0x01A8, 0x01C9, 0x0167,
    0x0863, 0x0863, 0x0863, 0x0863, 0x0863, 0x0863, 0x0863, 0x0863, 0x0863, 0x0863, 0x0863, 0x0863,
    0x0863, 0x0863, 0x0863, 0x0863, 0x0863, 0x0863, 0x0863, 0x0863, 0x0863, 0x0863, 0x0863, 0x0863,
    0x0863, 0x0863, 0x0863, 0x0863, 0x0863, 0x0863, 0x0863, 0x0863, 0x0863, 0x0863, 0x0863, 0x0863,
    0x0863, 0x0863, 0x0863, 0x0863, 0x0863, 0x0863, 0x0863, 0x0863, 0x0863, 0x0863, 0x0863, 0x0863,
    0x0863, 0x0863, 0x0863, 0x0863, 0x0863, 0x0863, 0x0863, 0x0863, 0x0863, 0x0863, 0x0863, 0x0863,
    0x0863, 0x0863, 0x0863, 0x0863, 0x0863, 0x0863, 0x0863, 0x0863, 0x0863, 0x0863, 0x0863, 0x0863,
    0x0863, 0x0863, 0x0863, 0x0863, 0x0863, 0x0863, 0x0863, 0x0863, 0x0863, 0x0863, 0x0863, 0x0863,
    0x0863, 0x0863, 0x0863, 0x0863, 0x0863, 0x0863, 0x0863, 0x0863, 0x0863, 0x0863, 0x0863, 0x0863,
    0x0863, 0x0863, 0x0863, 0x0863, 0x0863, 0x0863, 0x0863, 0x0863, 0x0863, 0x0863, 0x0863, 0x0863,
    0x0863, 0x0863, 0x0863, 0x0863, 0x0863, 0x0863, 0x0863, 0x0863, 0x0863, 0x0863, 0x0863, 0x0863,
    0x0863, 0x0863, 0x0863, 0x0863, 0x0863, 0x0863, 0x0863, 0x0863, 0x0863, 0x0863, 0x0863, 0x0863,
    0x0863, 0x0863, 0x0863, 0x0863, 0x0863, 0x0863, 0x0863, 0x0863, 0x0863, 0x0863, 0x0863, 0x0863,
    0x0863, 0x0863, 0x0863, 0x0863, 0x0863, 0x0863, 0x0863, 0x0863, 0x0863, 0x0863, 0x0863, 0x0863,
    0x0863, 0x0863, 0x0863, 0x0863, 0x0863, 0x0863, 0x0863, 0x0863, 0x0863, 0x0863, 0x08C8, 0x11B2,
    0x1258, 0x12BB, 0x12FC, 0x131C, 0x133C, 0x135C, 0x0B7C, 0x0B7C, 0x0B9D, 0x0BBD, 0x0BFD, 0x0BFD,
    0x0C1D, 0x043D, 0x045D, 0x047D, 0x04BD, 0x04BD, 0x04FD, 0x051D, 0x053D, 0x055D, 0x057D, 0x059D,
    0x05DD, 0x05FD, 0x061D, 0x061D, 0x065D, 0x067D, 0x069D, 0x06BD, 0x020A, 0x0863, 0x0863, 0x0863,
    0x0863, 0x0863, 0x0863, 0x0863, 0x0863, 0x0863, 0x0863, 0x0863, 0x0863, 0x0863, 0x0863, 0x0863,
    0x0863, 0x0863, 0x0863, 0x0863, 0x0863, 0x0863, 0x0863, 0x0863, 0x0863, 0x0863, 0x0863, 0x0863,
    0x0863, 0x0863, 0x0863, 0x0863, 0x0863, 0x0863, 0x0863, 0x0863, 0x0863, 0x0863, 0x0863, 0x0863,
    0x0863, 0x0863, 0x0863, 0x0863, 0x0863, 0x0863, 0x0863, 0x0863, 0x0863, 0x0863, 0x0863, 0x0863,
    0x0863, 0x0863, 0x0863, 0x0863, 0x0863, 0x0863, 0x0863, 0x0863, 0x0863, 0x0863, 0x0863, 0x0863,
    0x0863, 0x0863, 0x0863, 0x0863, 0x0863, 0x0863, 0x0863, 0x0863, 0x0863, 0x0863, 0x0863, 0x0863,
    0x0863, 0x0863, 0x0863, 0x0863, 0x0863, 0x0863, 0x0863, 0x0863, 0x0863, 0x0863, 0x0863, 0x0863,
    0x0863, 0x0863, 0x0863, 0x0863, 0x0863, 0x0863, 0x0863, 0x0863, 0x0863, 0x0863, 0x0863, 0x0863,
    0x0863, 0x0863, 0x0863, 0x0863, 0x0863, 0x0863, 0x0863, 0x0863, 0x0863, 0x0863, 0x0863, 0x0863,
    0x0863, 0x0863, 0x0863, 0x0863, 0x0863, 0x0863, 0x0863, 0x0863, 0x0863, 0x0863, 0x0863, 0x0863,
    0x0863, 0x0863, 0x0863, 0x0863, 0x0863, 0x0863, 0x0863, 0x0863, 0x0863, 0x0863, 0x0863, 0x0863,
    0x0863, 0x0863, 0x0863, 0x0863, 0x0863, 0x0863, 0x0863, 0x0863, 0x0863, 0x0863, 0x0863, 0x0863,
    0x0863, 0x0863, 0x0863, 0x0863, 0x0863, 0x0863, 0x0863, 0x0863, 0x0863, 0x0863, 0x0863, 0x0863,
    0x0863, 0x0863, 0x0863, 0x0863, 0x0885, 0x1193, 0x1A5C, 0x1A9D, 0x12BC, 0x12BB, 0x12DB, 0x12FC,
    0x12FC, 0x0B1C, 0x0B5C, 0x0B7C, 0x0B7C, 0x0BBC, 0x0BDC, 0x0BFC, 0x03FC, 0x041C, 0x043C, 0x045C,
    0x049C, 0x04BC, 0x04DC, 0x04DC, 0x04FC, 0x053C, 0x055C, 0x057C, 0x059C, 0x05BC, 0x05DC, 0x061C,
    0x063C, 0x065C, 0x065C, 0x06BD, 0x01C9, 0x0863, 0x0863, 0x0863, 0x0863, 0x0863, 0x0863, 0x0863,
    0x0863, 0x0863, 0x0863, 0x0863, 0x0863, 0x0863, 0x0863, 0x0863, 0x0863, 0x0863, 0x0863, 0x0863,
    0x0863, 0x0863, 0x0863, 0x0863, 0x0863, 0x0863, 0x0863, 0x0863, 0x0863, 0x0863, 0x0863, 0x0863,
    0x0863, 0x0863, 0x0863, 0x0863, 0x0863, 0x0863, 0x0863, 0x0863, 0x0863, 0x0863, 0x0863, 0x0863,
    0x0863, 0x0863, 0x0863, 0x0863, 0x0863, 0x0863, 0x0863, 0x0863, 0x0863, 0x0863, 0x0863, 0x0863,
    0x0863, 0x0863, 0x0863, 0x0863, 0x0863, 0x0863, 0x0863, 0x0863, 0x0863, 0x0863, 0x0863, 0x0863,
    0x0863, 0x0863, 0x0863, 0x0863, 0x0863, 0x0863, 0x0863, 0x0863, 0x0863, 0x0863, 0x0863, 0x0863,
    0x0863, 0x0863, 0x0863, 0x0863, 0x0863, 0x0863, 0x0863, 0x0863, 0x0863, 0x0863, 0x0863, 0x0863,
    0x0863, 0x0863, 0x0863, 0x0863, 0x0863, 0x0863, 0x0863, 0x0863, 0x0863, 0x0863, 0x0863, 0x0863,
    0x0863, 0x0863, 0x0863, 0x0863, 0x0863, 0x0863, 0x0863, 0x0863, 0x0863, 0x0863, 0x0863, 0x0863,
    0x0863, 0x0863, 0x0863, 0x0863, 0x0863, 0x0863, 0x0863, 0x0863, 0x0863, 0x0863, 0x0863, 0x0863,
    0x0863, 0x0863, 0x0863, 0x0863, 0x0863, 0x0863, 0x0863, 0x0863, 0x0863, 0x0863, 0x0863, 0x0863,
    0x0863, 0x0863, 0x0863, 0x0863, 0x0863, 0x0863, 0x0863, 0x0863, 0x0863, 0x0863, 0x0863, 0x0863,
    0x0863, 0x0863, 0x0863, 0x0863, 0x0863, 0x0863, 0x0863, 0x0863, 0x0863, 0x0863, 0x0863, 0x08A8,
    0x19D9, 0x1A5D, 0x1A3B, 0x125B, 0x129B, 0x12BB, 0x12DB, 0x12FC, 0x131C, 0x131C, 0x0B5C, 0x0B7C,
    0x0B9C, 0x0BBC, 0x0BBC, 0x0BDC, 0x03FC, 0x041C, 0x043C, 0x045C, 0x047C, 0x049C, 0x04DC, 0x04FC,
    0x051C, 0x053C, 0x055C, 0x055C, 0x05BC, 0x05DC, 0x05FC, 0x061C, 0x063C, 0x063C, 0x06DE, 0x032E,
    0x0863, 0x0863, 0x0863, 0x0863, 0x0863, 0x0863, 0x0863, 0x0863, 0x0863, 0x0863, 0x0863, 0x0863,
    0x0863, 0x0863, 0x0863, 0x0863, 0x0863, 0x0863, 0x0863, 0x0863, 0x0863, 0x0863, 0x0863, 0x0863,
    0x0863, 0x0863, 0x0863, 0x0863, 0x0863, 0x0863, 0x0863, 0x0863, 0x0863, 0x0863, 0x0863, 0x0863,
    0x0863, 0x0863, 0x0863, 0x0863, 0x0863, 0x0863, 0x0863, 0x0863, 0x0863, 0x0863, 0x0863, 0x0863,
    0x0863, 0x0863, 0x0863, 0x0863, 0x0863, 0x0863, 0x0863, 0x0863, 0x0863, 0x0863, 0x0863, 0x0863,
    0x0863, 0x0863, 0x0863, 0x0863, 0x0863, 0x0863, 0x0863, 0x0863, 0x0863, 0x0863, 0x0863, 0x0863,
    0x0863, 0x0863, 0x0863, 0x0863, 0x0863, 0x0863, 0x0863, 0x0863, 0x0863, 0x0863, 0x0863, 0x0863,
    0x0863, 0x0863, 0x0863, 0x0863, 0x0863, 0x0863, 0x0863, 0x0863, 0x0863, 0x0863, 0x0863, 0x0863,
    0x0863, 0x0863, 0x0863, 0x0863, 0x0863, 0x0863, 0x0863, 0x0863, 0x0863, 0x0863, 0x0863, 0x0863,
    0x0863, 0x0863, 0x0863, 0x0863, 0x0863, 0x0863, 0x0863, 0x0863, 0x0863, 0x0863, 0x0863, 0x0863,
    0x0863, 0x0863, 0x0863, 0x0863, 0x0863, 0x0863, 0x0863, 0x0863, 0x0863, 0x0863, 0x0863, 0x0863,
    0x0863, 0x0863, 0x0863, 0x0863, 0x0863, 0x0863, 0x0863, 0x0863, 0x0863, 0x0863, 0x0863, 0x0863,
    0x0863, 0x0863, 0x0863, 0x0863, 0x0863, 0x0863, 0x0863, 0x0863, 0x0863, 0x0863, 0x0863, 0x0863,
    0x0863, 0x0863, 0x0863, 0x0863, 0x0863, 0x0863, 0x08A8, 0x19DA, 0x1A1B, 0x1A1A, 0x1A5B, 0x1A7B,
    0x129B, 0x12BB, 0x12DB, 0x12FC, 0x131B, 0x133C, 0x0B5C, 0x0B7C, 0x0B9C, 0x0BBC, 0x0BDC, 0x0BFC,
    0x041C, 0x043C, 0x043C, 0x045C, 0x047C, 0x049C, 0x04DC, 0x04FC, 0x04FC, 0x053C, 0x055C, 0x055C,
    0x059C, 0x05DC, 0x05FC, 0x05FC, 0x061C, 0x06BF, 0x03B1, 0x0863, 0x0863, 0x0863, 0x0863, 0x0863,
    0x0863, 0x0863, 0x0863, 0x0863, 0x0863, 0x0863, 0x0863, 0x0863, 0x0863, 0x0863, 0x0863, 0x0863,
    0x0863, 0x0863, 0x0863, 0x0863, 0x0863, 0x0863, 0x0863, 0x0863, 0x0863, 0x0863, 0x0863, 0x0863,
    0x0863, 0x0863, 0x0863, 0x0863, 0x0863, 0x0863, 0x0863, 0x0863, 0x0863, 0x0863, 0x0863, 0x0863,
    0x0863, 0x0863, 0x0863, 0x0863, 0x0863, 0x0863, 0x0863, 0x0863, 0x0863, 0x0863, 0x0863, 0x0863,
    0x0863, 0x0863, 0x0863, 0x0863, 0x0863, 0x0863, 0x0863, 0x0863, 0x0863, 0x0863, 0x0863, 0x0863,
    0x0863, 0x0863, 0x0863, 0x0863, 0x0863, 0x0863, 0x0863, 0x0863, 0x0863, 0x0863, 0x0863, 0x0863,
    0x0863, 0x0863, 0x0863, 0x0863, 0x0863, 0x0863, 0x0863, 0x0863, 0x0863, 0x0863, 0x0863, 0x0863,
    0x0863, 0x0863, 0x0863, 0x0863, 0x0863, 0x0863, 0x0863, 0x0863, 0x0863, 0x0863, 0x0863, 0x0863,
    0x0863, 0x0863, 0x0863, 0x0863, 0x0863, 0x0863, 0x0863, 0x0863, 0x0863, 0x0863, 0x0863, 0x0863,
    0x0863, 0x0863, 0x0863, 0x0863, 0x0863, 0x0863, 0x0863, 0x0863, 0x0863, 0x0863, 0x0863, 0x0863,
    0x0863, 0x0863, 0x0863, 0x0863, 0x0863, 0x0863, 0x0863, 0x0863, 0x0863, 0x0863, 0x0863, 0x0863,
    0x0863, 0x0863, 0x0863, 0x0863, 0x0863, 0x0863, 0x0863, 0x0863, 0x0863, 0x0863, 0x0863, 0x0863,
    0x0863, 0x0863, 0x0863, 0x0863, 0x0863, 0x0863, 0x0863, 0x0863, 0x0863, 0x0863, 0x0863, 0x0863,
    0x0863, 0x08A9, 0x19BA, 0x19FB, 0x19FA, 0x1A3B, 0x125B, 0x127B, 0x129B, 0x12BB, 0x12DB, 0x12FB,
    0x131C, 0x133C, 0x0B5C, 0x0B7C, 0x0B9C, 0x0BBC, 0x0BBC, 0x0BFC, 0x0C1C, 0x043C, 0x043C, 0x045C,
    0x047C, 0x049C, 0x04BC, 0x04FC, 0x04FC, 0x053C, 0x055C, 0x055C, 0x059C, 0x05DC, 0x05FD, 0x05DC,
    0x069E, 0x0474, 0x0863, 0x0863, 0x0863, 0x0863, 0x0863, 0x0863, 0x0863, 0x0863, 0x0863, 0x0863,
    0x0863, 0x0863, 0x0863, 0x0863, 0x0863, 0x0863, 0x0863, 0x0863, 0x0863, 0x0863, 0x0863, 0x0863,
    0x0863, 0x0863, 0x0863, 0x0863, 0x0863, 0x0863, 0x0863, 0x0863, 0x0863, 0x0863, 0x0863, 0x0863,
    0x0863, 0x0863, 0x0863, 0x0863, 0x0863, 0x0863, 0x0863, 0x0863, 0x0863, 0x0863, 0x0863, 0x0863,
    0x0863, 0x0863, 0x0863, 0x0863, 0x0863, 0x0863, 0x0863, 0x0863, 0x0863, 0x0863, 0x0863, 0x0863,
    0x0863, 0x0863, 0x0863, 0x0863, 0x0863, 0x0863, 0x0863, 0x0863, 0x0863, 0x0863, 0x0863, 0x0863,
    0x0863, 0x0863, 0x0863, 0x0863, 0x0863, 0x0863, 0x0863, 0x0863, 0x0863, 0x0863, 0x0863, 0x0863,
    0x0863, 0x0863, 0x0863, 0x0863, 0x0863, 0x0863, 0x0863, 0x0863, 0x0863, 0x0863, 0x0863, 0x0863,
    0x0863, 0x0863, 0x0863, 0x0863, 0x0863, 0x0863, 0x0863, 0x0863, 0x0863, 0x0863, 0x0863, 0x0863,
    0x0863, 0x0863, 0x0863, 0x0863, 0x0863, 0x0863, 0x0863, 0x0863, 0x0863, 0x0863, 0x0863, 0x0863,
    0x0863, 0x0863, 0x0863, 0x0863, 0x0863, 0x0863, 0x0863, 0x0863, 0x0863, 0x0863, 0x0863, 0x0863,
    0x0863, 0x0863, 0x0863, 0x0863, 0x0863, 0x0863, 0x0863, 0x0863, 0x0863, 0x0863, 0x0863, 0x0863,
    0x0863, 0x0863, 0x0863, 0x0863, 0x0863, 0x0863, 0x0863, 0x0863, 0x0863, 0x0863, 0x0863, 0x0863,
    0x0863, 0x0863, 0x0863, 0x0863, 0x0863, 0x0863, 0x0863, 0x0863, 0x08A9, 0x199A, 0x21DB, 0x19FA,
    0x19FB, 0x1A1B, 0x1A3B, 0x127B, 0x129B, 0x12BB, 0x12DB, 0x12FC, 0x131C, 0x0B3C, 0x0B3C, 0x0B5C,
    0x0B7C, 0x0B9C, 0x0BBC, 0x0BFC, 0x0BFC, 0x041C, 0x045C, 0x047C, 0x047C, 0x049C, 0x04BC, 0x04FC,
    0x051C, 0x053C, 0x055C, 0x057C, 0x059C, 0x05BD, 0x05DC, 0x065E, 0x0518, 0x0884, 0x0863, 0x0863,
    0x0863, 0x0863, 0x0863, 0x0863, 0x0863, 0x0863, 0x0863, 0x0863, 0x0863, 0x0863, 0x0863, 0x0863,
    0x0863, 0x0863, 0x0863, 0x0863, 0x0863, 0x0863, 0x0863, 0x0863, 0x0863, 0x0863, 0x0863, 0x0863,
    0x0863, 0x0863, 0x0863, 0x0863, 0x0863, 0x0863, 0x0863, 0x0863, 0x0863, 0x0863, 0x0863, 0x0863,
    0x0863, 0x0863, 0x0863, 0x0863, 0x0863, 0x0863, 0x0863, 0x0863, 0x0863, 0x0863, 0x0863, 0x0863,
    0x0863, 0x0863, 0x0863, 0x0863, 0x0863, 0x0863, 0x0863, 0x0863, 0x0863, 0x0863, 0x0863, 0x0863,
    0x0863, 0x0863, 0x0863, 0x0863, 0x0863, 0x0863, 0x0863, 0x0863, 0x0863, 0x0863, 0x0863, 0x0863,
    0x0863, 0x0863, 0x0863, 0x0863, 0x0863, 0x0863, 0x0863, 0x0863, 0x0863, 0x0863, 0x0863, 0x0863,
    0x0863, 0x0863, 0x0863, 0x0863, 0x0863, 0x0863, 0x0863, 0x0863, 0x0863, 0x0863, 0x0863, 0x0863,
    0x0863, 0x0863, 0x0863, 0x0863, 0x0863, 0x0863, 0x0863, 0x0863, 0x0863, 0x0863, 0x0863, 0x0863,
    0x0863, 0x0863, 0x0863, 0x0863, 0x0863, 0x0863, 0x0863, 0x0863, 0x0863, 0x0863, 0x0863, 0x0863,
    0x0863, 0x0863, 0x0863, 0x0863, 0x0863, 0x0863, 0x0863, 0x0863, 0x0863, 0x0863, 0x0863, 0x0863,
    0x0863, 0x0863, 0x0863, 0x0863, 0x0863, 0x0863, 0x0863, 0x0863, 0x0863, 0x0863, 0x0863, 0x0863,
    0x0863, 0x0863, 0x0863, 0x0863, 0x0863, 0x0863, 0x0863, 0x0863, 0x0863, 0x0863, 0x0863, 0x0863,
    0x0863, 0x0863, 0x0863, 0x08A9, 0x219B, 0x21BB, 0x19DA, 0x19FB, 0x1A1B, 0x1A3B, 0x125B, 0x127B,
    0x129B, 0x12BB, 0x12DB, 0x12FC, 0x131C, 0x0B3B, 0x0B3B, 0x0B3B, 0x0B5C, 0x0B9C, 0x0BDC, 0x0BDC,
    0x03FC, 0x043C, 0x045C, 0x047C, 0x047C, 0x049C, 0x04DC, 0x04FC, 0x051C, 0x053C, 0x055C, 0x057C,
    0x057C, 0x05BC, 0x061D, 0x057A, 0x00E5, 0x0863, 0x0863, 0x0863, 0x0863, 0x0863, 0x0863, 0x0863,
    0x0863, 0x0863, 0x0863, 0x0863, 0x0863, 0x0863, 0x0863, 0x0863, 0x0863, 0x0863, 0x0863, 0x0863,
    0x0863, 0x0863, 0x0863, 0x0863, 0x0863, 0x0863, 0x0863, 0x0863, 0x0863, 0x0863, 0x0863, 0x0863,
    0x0863, 0x0863, 0x0863, 0x0863, 0x0863, 0x0863, 0x0863, 0x0863, 0x0863, 0x0863, 0x0863, 0x0863,
    0x0863, 0x0863, 0x0863, 0x0863, 0x0863, 0x0863, 0x0863, 0x0863, 0x0863, 0x0863, 0x0863, 0x0863,
    0x0863, 0x0863, 0x0863, 0x0863, 0x0863, 0x0863, 0x0863, 0x0863, 0x0863, 0x0863, 0x0863, 0x0863,
    0x0863, 0x0863, 0x0863, 0x0863, 0x0863, 0x0863, 0x0863, 0x0863, 0x0863, 0x0863, 0x0863, 0x0863,
    0x0863, 0x0863, 0x0863, 0x0863, 0x0863, 0x0863, 0x0863, 0x0863, 0x0863, 0x0863, 0x0863, 0x0863,
    0x0863, 0x0863, 0x0863, 0x0863, 0x0863, 0x0863, 0x0863, 0x0863, 0x0863, 0x0863, 0x0863, 0x0863,
    0x0863, 0x0863, 0x0863, 0x0863, 0x0863, 0x0863, 0x0863, 0x0863, 0x0863, 0x0863, 0x0863, 0x0863,
    0x0863, 0x0863, 0x0863, 0x0863, 0x0863, 0x0863, 0x0863, 0x0863, 0x0863, 0x0863, 0x0863, 0x0863,
    0x0863, 0x0863, 0x0863, 0x0863, 0x0863, 0x0863, 0x0863, 0x0863, 0x0863, 0x0863, 0x0863, 0x0863,
    0x0863, 0x0863, 0x0863, 0x0863, 0x0863, 0x0863, 0x0863, 0x0863, 0x0863, 0x0863, 0x0863, 0x0863,
    0x0863, 0x0863, 0x0863, 0x0863, 0x0863, 0x0863, 0x0863, 0x0863, 0x0863, 0x0863, 0x10AA, 0x217A,
    0x21BB, 0x19BA, 0x19DB, 0x19FB, 0x1A1B, 0x1A3B, 0x1A5B, 0x127B, 0x129B, 0x12BB, 0x12DB, 0x12FB,
    0x131C, 0x133C, 0x0B3C, 0x0B5C, 0x0B7C, 0x0B7C, 0x0BBC, 0x0BFC, 0x03FC, 0x043C, 0x045C, 0x047C,
    0x049C, 0x049C, 0x04DC, 0x04DC, 0x04FC, 0x051C, 0x055C, 0x057C, 0x059C, 0x05DD, 0x05DC, 0x0168,
    0x0863, 0x0863, 0x0863, 0x0863, 0x0863, 0x0863, 0x0863, 0x0863, 0x0863, 0x0863, 0x0863, 0x0863,
    0x0863, 0x0863, 0x0863, 0x0863, 0x0863, 0x0863, 0x0863, 0x0863, 0x0863, 0x0863, 0x0863, 0x0863,
    0x0863, 0x0863, 0x0863, 0x0863, 0x0863, 0x0863, 0x0863, 0x0863, 0x0863, 0x0863, 0x0863, 0x0863,
    0x0863, 0x0863, 0x0863, 0x0863, 0x0863, 0x0863, 0x0863, 0x0863, 0x0863, 0x0863, 0x0863, 0x0863,
    0x0888, 0x18D2, 0x18D1, 0x18D2, 0x18D1, 0x0865, 0x0863, 0x0863, 0x0863, 0x0863, 0x0863, 0x0863,
    0x0863, 0x0863, 0x0863, 0x0863, 0x0863, 0x0863, 0x0863, 0x0863, 0x0863, 0x0863, 0x0863, 0x0863,
    0x0863, 0x0863, 0x0863, 0x0863, 0x0863, 0x0863, 0x0863, 0x0863, 0x0863, 0x0863, 0x0863, 0x0863,
    0x0863, 0x0863, 0x0863, 0x0863, 0x0863, 0x0863, 0x0863, 0x0863, 0x0863, 0x0863, 0x0863, 0x0863,
    0x0863, 0x0863, 0x0863, 0x0863, 0x0863, 0x0863, 0x0863, 0x0863, 0x0863, 0x0863, 0x0863, 0x0863,
    0x0863, 0x0863, 0x0863, 0x0863, 0x0863, 0x0863, 0x0863, 0x0863, 0x0863, 0x0863, 0x0863, 0x0863,
    0x0863, 0x0863, 0x0863, 0x0863, 0x0863, 0x0863, 0x0863, 0x0863, 0x0863, 0x0863, 0x0863, 0x0863,
    0x0863, 0x0863, 0x0863, 0x0863, 0x0863, 0x0863, 0x0863, 0x0863, 0x0863, 0x0863, 0x0863, 0x0863,
    0x0863, 0x0863, 0x0863, 0x0863, 0x0863, 0x0863, 0x0863, 0x0863, 0x0863, 0x0863, 0x0863, 0x0863,
    0x0863, 0x0863, 0x0863, 0x0863, 0x0863, 0x10AA, 0x217B, 0x219B, 0x219A, 0x19BB, 0x19BB, 0x19FB,
    0x1A1B, 0x1A3B, 0x1A5B, 0x127B, 0x129B, 0x12BB, 0x12DC, 0x12FC, 0x131C, 0x133C, 0x0B5C, 0x0B7C,
    0x0B7C, 0x0B9C, 0x0BDC, 0x0BDC, 0x03FC, 0x041C, 0x045C, 0x047C, 0x049C, 0x04BC, 0x04DC, 0x04FC,
    0x04FC, 0x053C, 0x057C, 0x057C, 0x059C, 0x05FE, 0x020B, 0x0863, 0x0863, 0x0863, 0x0863, 0x0863,
    0x0863, 0x0863, 0x0863, 0x0863, 0x0863, 0x0863, 0x0863, 0x0863, 0x0863, 0x0863, 0x0863, 0x0863,
    0x0863, 0x0863, 0x0863, 0x0863, 0x0863, 0x0863, 0x0863, 0x0863, 0x0863, 0x0863, 0x0863, 0x0863,
    0x0863, 0x0863, 0x0863, 0x0863, 0x0863, 0x0863, 0x0863, 0x0863, 0x0863, 0x0863, 0x0863, 0x0863,
    0x0863, 0x0863, 0x0863, 0x0863, 0x0863, 0x0863, 0x0863, 0x0863, 0x18F5, 0x295D, 0x213B, 0x213B,
    0x295E, 0x10AF, 0x0863, 0x0863, 0x0863, 0x0863, 0x0863, 0x0863, 0x0863, 0x0863, 0x0863, 0x0863,
    0x0863, 0x0863, 0x0863, 0x0863, 0x0863, 0x0863, 0x0863, 0x0863, 0x0863, 0x0863, 0x0863, 0x0863,
    0x0863, 0x0863, 0x0863, 0x0863, 0x0863, 0x0863, 0x0863, 0x0863, 0x0863, 0x0863, 0x0863, 0x0863,
    0x0863, 0x0863, 0x0863, 0x0863, 0x0863, 0x0863, 0x0863, 0x0863, 0x0863, 0x0863, 0x0863, 0x0863,
    0x0863, 0x0863, 0x0863, 0x0863, 0x0863, 0x0863, 0x0863, 0x0863, 0x0863, 0x0863, 0x0863, 0x0863,
    0x0863, 0x0863, 0x0863, 0x0863, 0x0863, 0x0863, 0x0863, 0x0863, 0x0863, 0x0863, 0x0863, 0x0863,
    0x0863, 0x0863, 0x0863, 0x0863, 0x0863, 0x0863, 0x0863, 0x0863, 0x0863, 0x0863, 0x0863, 0x0863,
    0x0863, 0x0863, 0x0863, 0x0863, 0x0863, 0x0863, 0x0863, 0x0863, 0x0863, 0x0863, 0x0863, 0x0863,
    0x0863, 0x0863, 0x0863, 0x0863, 0x0863, 0x0863, 0x0863, 0x0863, 0x0863, 0x0863, 0x0863, 0x0863,
    0x10AA, 0x217B, 0x217B, 0x219A, 0x219A, 0x199B, 0x19BB, 0x19FB, 0x1A1B, 0x1A3B, 0x1A5B, 0x127B,
    0x129B, 0x12BB, 0x12DB, 0x12FC, 0x131C, 0x133C, 0x0B5C, 0x0B7C, 0x0B9C, 0x0B9C, 0x0BBC, 0x0BDC,
    0x03FC, 0x041C, 0x045C, 0x047C, 0x049C, 0x04BC, 0x04DC, 0x04FC, 0x051C, 0x053C, 0x055C, 0x057C,
    0x061F, 0x02CF, 0x0863, 0x0863, 0x0863, 0x0863, 0x0863, 0x0863, 0x0863, 0x0863, 0x0863, 0x0863,
    0x0863, 0x0863, 0x0863, 0x0863, 0x0863, 0x0863, 0x0863, 0x0863, 0x0863, 0x0863, 0x0863, 0x0863,
    0x0863, 0x0863, 0x0863, 0x0863, 0x0863, 0x0863, 0x0863, 0x0863, 0x0863, 0x0863, 0x0863, 0x0863,
    0x0863, 0x0863, 0x0863, 0x0863, 0x0863, 0x0863, 0x0863, 0x0863, 0x0863, 0x0863, 0x0863, 0x0863,
    0x0863, 0x0863, 0x0863, 0x0863, 0x18F6, 0x213B, 0x2119, 0x2119, 0x213B, 0x10D0, 0x0863, 0x0863,
    0x0863, 0x0863, 0x0863, 0x0863, 0x0863, 0x0863, 0x0863, 0x0863, 0x0863, 0x0863, 0x0863, 0x0863,
    0x0863, 0x0863, 0x0863, 0x0863, 0x0863, 0x0863, 0x0863, 0x0863, 0x0863, 0x0863, 0x0863, 0x0863,
    0x0863, 0x0863, 0x0863, 0x0863, 0x0863, 0x0863, 0x0863, 0x0863, 0x0863, 0x0863, 0x0863, 0x0863,
    0x0863, 0x0863, 0x0863, 0x0863, 0x0863, 0x0863, 0x0863, 0x0863, 0x0863, 0x0863, 0x0863, 0x0884,
    0x0929, 0x01EE, 0x0A72, 0x02B4, 0x02D5, 0x02B4, 0x0251, 0x01AC, 0x08C6, 0x0863, 0x0863, 0x0863,
    0x0863, 0x0863, 0x0863, 0x0863, 0x0863, 0x0863, 0x0863, 0x0863, 0x0863, 0x0863, 0x0863, 0x0863,
    0x0863, 0x00E5, 0x01EB, 0x02AF, 0x02F0, 0x02EF, 0x02EF, 0x02EF, 0x02EF, 0x030F, 0x0330, 0x032F,
    0x032F, 0x034F, 0x036F, 0x036F, 0x036F, 0x0146, 0x0863, 0x0863, 0x0863, 0x0863, 0x0863, 0x0863,
    0x0863, 0x0863, 0x0863, 0x0863, 0x0863, 0x0863, 0x0863, 0x10AB, 0x215A, 0x215A, 0x217A, 0x219A,
    0x219A, 0x199A, 0x19BA, 0x19DB, 0x1A1B, 0x1A3B, 0x1A5B, 0x127B, 0x129B, 0x12BB, 0x12BB, 0x12DB,
    0x12FB, 0x0B3B, 0x0B3C, 0x0B5C, 0x0B7C, 0x0B9C, 0x0BBC, 0x0BDC, 0x03FC, 0x041C, 0x043C, 0x045C,
    0x047C, 0x049C, 0x04DC, 0x04FC, 0x051C, 0x053C, 0x059E, 0x05BE, 0x0310, 0x0863, 0x0863, 0x0863,
    0x0863, 0x0863, 0x0863, 0x0863, 0x0863, 0x0863, 0x0863, 0x0863, 0x0863, 0x0863, 0x0863, 0x0863,
    0x0863, 0x0863, 0x0863, 0x0863, 0x0863, 0x0863, 0x0863, 0x0863, 0x0863, 0x0863, 0x0863, 0x0863,
    0x0863, 0x0863, 0x0863, 0x0863, 0x0863, 0x0863, 0x0863, 0x0863, 0x0863, 0x0863, 0x0863, 0x0863,
    0x0863, 0x0863, 0x0863, 0x0863, 0x0863, 0x0863, 0x0863, 0x0863, 0x0863, 0x0863, 0x0863, 0x0863,
    0x18F5, 0x213B, 0x211A, 0x2119, 0x213C, 0x10CF, 0x0863, 0x0863, 0x0863, 0x0863, 0x0863, 0x0863,
    0x0863, 0x0863, 0x0863, 0x0863, 0x0863, 0x0863, 0x0863, 0x0863, 0x0863, 0x0863, 0x0863, 0x0863,
    0x0863, 0x0863, 0x0863, 0x0863, 0x0863, 0x0863, 0x0863, 0x0863, 0x0863, 0x0863, 0x0863, 0x0863,
    0x0863, 0x0863, 0x0863, 0x0863, 0x0863, 0x0863, 0x0863, 0x0863, 0x0863, 0x0863, 0x0863, 0x0863,
    0x0863, 0x0863, 0x0863, 0x0863, 0x0863, 0x08E7, 0x0A11, 0x0B19, 0x0B9D, 0x0BFE, 0x0BFE, 0x0BFD,
    0x041D, 0x041D, 0x043E, 0x043D, 0x03FB, 0x0316, 0x01AB, 0x0863, 0x0863, 0x0863, 0x0863, 0x0863,
    0x0863, 0x0863, 0x0863, 0x0863, 0x0863, 0x0863, 0x0863, 0x00E5, 0x0332, 0x04DB, 0x055D, 0x057E,
    0x05BE, 0x05DE, 0x05DE, 0x05FE, 0x061E, 0x063E, 0x065E, 0x067E, 0x069E, 0x06BE, 0x06DE, 0x06DE,
    0x075F, 0x04F6, 0x0863, 0x0863, 0x0863, 0x0863, 0x0863, 0x0863, 0x0863, 0x0863, 0x0863, 0x0863,
    0x0863, 0x0863, 0x0863, 0x2159, 0x219D, 0x217B, 0x217C, 0x219C, 0x21BC, 0x21DC, 0x21FC, 0x1A1D,
    0x1A1C, 0x1A3C, 0x1A7C, 0x129D, 0x12BD, 0x12DD, 0x12DD, 0x131D, 0x133D, 0x0B5D, 0x0B5D, 0x0B7D,
    0x0BBE, 0x0BBD, 0x0BDD, 0x0BFE, 0x043E, 0x045E, 0x047E, 0x049E, 0x04BE, 0x04FE, 0x051E, 0x055E,
    0x055E, 0x051C, 0x0416, 0x01CA, 0x0863, 0x0863, 0x0863, 0x0863, 0x0863, 0x0863, 0x0863, 0x0863,
    0x0863, 0x0863, 0x0863, 0x0863, 0x0863, 0x0863, 0x0863, 0x0863, 0x0863, 0x0863, 0x0863, 0x0863,
    0x0863, 0x0863, 0x0863, 0x0863, 0x0863, 0x0863, 0x0863, 0x0863, 0x0863, 0x0863, 0x0863, 0x0863,
    0x0863, 0x0863, 0x0863, 0x0863, 0x0863, 0x0863, 0x0863, 0x0863, 0x0863, 0x0863, 0x0863, 0x0863,
    0x0863, 0x0863, 0x0863, 0x0863, 0x0863, 0x0863, 0x0863, 0x0863, 0x18F5, 0x213B, 0x211A, 0x2119,
    0x213C, 0x10D0, 0x0863, 0x0863, 0x0863, 0x0863, 0x0863, 0x0863, 0x0863, 0x0863, 0x0863, 0x0863,
    0x0863, 0x0863, 0x0863, 0x0863, 0x0863, 0x0863, 0x0863, 0x0863, 0x0863, 0x0863, 0x0863, 0x0863,
    0x0863, 0x0863, 0x0863, 0x0863, 0x0863, 0x0863, 0x0863, 0x0863, 0x0863, 0x0863, 0x0863, 0x0863,
    0x0863, 0x0863, 0x0863, 0x0863, 0x0863, 0x0863, 0x0863, 0x0863, 0x0863, 0x0863, 0x0863, 0x0864,
    0x09F1, 0x0B3C, 0x0B9E, 0x0B9C, 0x0B9C, 0x0B9B, 0x0B9B, 0x0BBB, 0x03BB, 0x03DB, 0x03DB, 0x03DB,
    0x03FC, 0x043D, 0x045E, 0x0357, 0x0128, 0x0863, 0x0863, 0x0863, 0x0863, 0x0863, 0x0863, 0x0863,
    0x0863, 0x0863, 0x0168, 0x049A, 0x053E, 0x04FC, 0x04FC, 0x051C, 0x053C, 0x053C, 0x055C, 0x057C,
    0x059C, 0x05BC, 0x05DC, 0x05FC, 0x061C, 0x063C, 0x065C, 0x065C, 0x06BD, 0x0557, 0x0863, 0x0863,
    0x0863, 0x0863, 0x0863, 0x0863, 0x0863, 0x0863, 0x0863, 0x0863, 0x0863, 0x0863, 0x0863, 0x0887,
    0x10AA, 0x10AA, 0x10AA, 0x10AA, 0x08CA, 0x08CA, 0x08CA, 0x08CA, 0x08EA, 0x08EA, 0x08EA, 0x090A,
    0x090A, 0x090A, 0x090A, 0x090A, 0x092A, 0x092A, 0x092A, 0x094B, 0x094A, 0x094A, 0x094A, 0x094A,
    0x016A, 0x096A, 0x016A, 0x018A, 0x018A, 0x01AA, 0x01AA, 0x01AA, 0x01AA, 0x0106, 0x0863, 0x0863,
    0x0863, 0x0863, 0x0863, 0x0863, 0x0863, 0x0863, 0x0863, 0x0863, 0x0863, 0x0863, 0x0863, 0x0863,
    0x0863, 0x0863, 0x0863, 0x0863, 0x0863, 0x0863, 0x0863, 0x0863, 0x0863, 0x0863, 0x0863, 0x0863,
    0x0863, 0x0863, 0x0863, 0x0863, 0x0863, 0x0863, 0x0863, 0x0863, 0x0863, 0x0863, 0x0863, 0x0863,
    0x0863, 0x0863, 0x0863, 0x0863, 0x0863, 0x0863, 0x0863, 0x0863, 0x0863, 0x0863, 0x0863, 0x0863,
    0x0863, 0x0863, 0x0863, 0x0863, 0x18F5, 0x213B, 0x211A, 0x2119, 0x213C, 0x10D0, 0x0863, 0x0863,
    0x0863, 0x0863, 0x0863, 0x0863, 0x0863, 0x0863, 0x0863, 0x0863, 0x0863, 0x0863, 0x0863, 0x0863,
    0x0863, 0x0863, 0x0863, 0x0863, 0x0863, 0x0863, 0x0863, 0x0863, 0x0863, 0x0863, 0x0863, 0x0863,
    0x0863, 0x0863, 0x0863, 0x0863, 0x0863, 0x0863, 0x0863, 0x0863, 0x0863, 0x0863, 0x0863, 0x0863,
    0x0863, 0x0863, 0x0863, 0x0863, 0x0863, 0x0863, 0x08C7, 0x0A98, 0x0B5E, 0x0B3C, 0x0B3B, 0x0B7C,
    0x0B9C, 0x0B9C, 0x0B9C, 0x0BBB, 0x03BB, 0x03BB, 0x03DC, 0x03DC, 0x03FC, 0x03FB, 0x03FB, 0x045D,
    0x043C, 0x020E, 0x0863, 0x0863, 0x0863, 0x0863, 0x0863, 0x0863, 0x0863, 0x0127, 0x049B, 0x04FD,
    0x04BB, 0x04FC, 0x051C, 0x053C, 0x053C, 0x055C, 0x057C, 0x059C, 0x05BC, 0x05DC, 0x05FC, 0x05FC,
    0x063C, 0x065C, 0x065C, 0x065C, 0x06BE, 0x0537, 0x0863, 0x0863, 0x0863, 0x0863, 0x0863, 0x0863,
    0x0863, 0x0863, 0x0863, 0x0863, 0x0863, 0x0863, 0x0863, 0x0863, 0x0863, 0x0863, 0x0863, 0x0863,
    0x0863, 0x0863, 0x0863, 0x0863, 0x0863, 0x0863, 0x0863, 0x0863, 0x0863, 0x0863, 0x0863, 0x0863,
    0x0863, 0x0863, 0x0863, 0x0863, 0x0863, 0x0863, 0x0863, 0x0863, 0x0863, 0x0863, 0x0863, 0x0863,
    0x0863, 0x0863, 0x0863, 0x0863, 0x0863, 0x0863, 0x0863, 0x0863, 0x0863, 0x0863, 0x0863, 0x0863,
    0x0863, 0x0863, 0x0863, 0x0863, 0x0863, 0x0863, 0x0863, 0x0863, 0x0863, 0x0863, 0x0863, 0x0863,
    0x0863, 0x0863, 0x0863, 0x0863, 0x0863, 0x0863, 0x0863, 0x0863, 0x0863, 0x0863, 0x0863, 0x0863,
    0x0863, 0x0863, 0x0863, 0x0863, 0x0863, 0x0863, 0x0863, 0x0863, 0x0863, 0x0863, 0x0863, 0x0863,
    0x0863, 0x0863, 0x0863, 0x0863, 0x0863, 0x0863, 0x0863, 0x0863, 0x0863, 0x0863, 0x0863, 0x0863,
    0x18F5, 0x213B, 0x211A, 0x2119, 0x213C, 0x10CF, 0x0863, 0x0863, 0x0863, 0x0863, 0x0863, 0x0863,
    0x0863, 0x0863, 0x0863, 0x0863, 0x0863, 0x0863, 0x0863, 0x0863, 0x0863, 0x0863, 0x0863, 0x0863,
    0x0863, 0x0863, 0x0863, 0x0863, 0x0863, 0x0863, 0x0863, 0x0863, 0x0863, 0x0863, 0x0863, 0x0863,
    0x0863, 0x0863, 0x0863, 0x0863, 0x0863, 0x0863, 0x0863, 0x0863, 0x0863, 0x0863, 0x0863, 0x0863,
    0x0863, 0x08C7, 0x0ABA, 0x0B1D, 0x0AFB, 0x0B3C, 0x0B5C, 0x0B5C, 0x0B7B, 0x0B7B, 0x0B9C, 0x03BD,
    0x03DD, 0x03FD, 0x03DC, 0x03DB, 0x03FC, 0x03FC, 0x041C, 0x041B, 0x043C, 0x049E, 0x0270, 0x0863,
    0x0863, 0x0863, 0x0863, 0x0863, 0x0863, 0x03B6, 0x04FD, 0x04BB, 0x04DC, 0x04FC, 0x04FC, 0x051C,
    0x055C, 0x055C, 0x057C, 0x059C, 0x05BC, 0x05DC, 0x05FC, 0x061C, 0x063C, 0x065C, 0x067C, 0x067C,
    0x06DE, 0x0578, 0x0863, 0x0863, 0x0863, 0x0887, 0x1088, 0x0888, 0x0888, 0x0888, 0x0888, 0x0888,
    0x0888, 0x08A8, 0x08A8, 0x08A8, 0x08A8, 0x08A8, 0x08A8, 0x08C8, 0x08C9, 0x08C9, 0x08C9, 0x08E9,
    0x08E9, 0x08E9, 0x08E9, 0x08E9, 0x0909, 0x08A6, 0x0863, 0x0863, 0x0863, 0x0863, 0x0863, 0x0888,
    0x0886, 0x0863, 0x0885, 0x08A9, 0x0863, 0x0863, 0x08A8, 0x0885, 0x0863, 0x0863, 0x0863, 0x0863,
    0x0863, 0x0863, 0x0863, 0x0863, 0x0863, 0x0863, 0x0863, 0x0863, 0x0863, 0x0863, 0x0863, 0x0863,
    0x0863, 0x0863, 0x0863, 0x0863, 0x0863, 0x0863, 0x0863, 0x0863, 0x0863, 0x0863, 0x0863, 0x0863,
    0x0863, 0x0863, 0x0863, 0x0863, 0x0863, 0x0863, 0x0863, 0x0863, 0x0863, 0x0863, 0x0863, 0x0863,
    0x0863, 0x0863, 0x0863, 0x0863, 0x0863, 0x0863, 0x0863, 0x0863, 0x0863, 0x0863, 0x0863, 0x0863,
    0x0863, 0x0863, 0x0863, 0x0863, 0x0863, 0x0863, 0x0863, 0x0863, 0x18F5, 0x213B, 0x211A, 0x2119,
    0x213C, 0x10CF, 0x0863, 0x0863, 0x0863, 0x0863, 0x0863, 0x0863, 0x0863, 0x0863, 0x0863, 0x0863,
    0x0863, 0x0863, 0x0863, 0x0863, 0x0863, 0x0863, 0x0863, 0x0863, 0x0863, 0x0863, 0x0863, 0x0863,
    0x0863, 0x0863, 0x0863, 0x0863, 0x0863, 0x0863, 0x0863, 0x0863, 0x0863, 0x0863, 0x0863, 0x0863,
    0x0863, 0x0863, 0x0863, 0x0863, 0x0863, 0x0863, 0x0863, 0x0863, 0x08A5, 0x0A99, 0x0AFC, 0x0ADB,
    0x0AFC, 0x0B1C, 0x0B3B, 0x0B5C, 0x0B9D, 0x039D, 0x033A, 0x02F7, 0x02F6, 0x0338, 0x03DC, 0x043E,
    0x041D, 0x03DB, 0x041C, 0x041C, 0x043B, 0x043B, 0x04BE, 0x022E, 0x0863, 0x0863, 0x0863, 0x0863,
    0x01AA, 0x04FD, 0x04BB, 0x04DC, 0x04FC, 0x04FC, 0x053D, 0x055D, 0x053C, 0x055C, 0x055C, 0x057C,
    0x059C, 0x05BC, 0x05BB, 0x05FC, 0x061C, 0x063C, 0x065C, 0x065B, 0x06BD, 0x03D1, 0x0863, 0x0863,
    0x10AA, 0x295C, 0x295C, 0x295C, 0x215C, 0x217C, 0x217C, 0x217C, 0x219C, 0x219B, 0x21BB, 0x19DB,
    0x19DC, 0x19FB, 0x1A1C, 0x1A3C, 0x1A3C, 0x1A5C, 0x127C, 0x129C, 0x12BC, 0x12BC, 0x12DC, 0x12FC,
    0x0B1D, 0x0ADA, 0x08A5, 0x0863, 0x0863, 0x0863, 0x0864, 0x213A, 0x18F3, 0x0863, 0x10CE, 0x215C,
    0x0885, 0x0864, 0x213B, 0x10D1, 0x0863, 0x0863, 0x0863, 0x0863, 0x0863, 0x0863, 0x0863, 0x0863,
    0x0863, 0x0863, 0x0863, 0x0863, 0x0863, 0x0863, 0x0863, 0x0863, 0x0863, 0x0863, 0x0863, 0x0863,
    0x0863, 0x0863, 0x0863, 0x0887, 0x10CC, 0x18EF, 0x18F1, 0x18F0, 0x18CD, 0x10A9, 0x0863, 0x0863,
    0x0863, 0x0863, 0x0863, 0x0863, 0x0863, 0x0863, 0x0863, 0x0863, 0x0863, 0x0863, 0x0863, 0x0863,
    0x0866, 0x10AB, 0x18CF, 0x18F0, 0x18F0, 0x10CE, 0x10AA, 0x0864, 0x0863, 0x0863, 0x0863, 0x0863,
    0x0863, 0x0863, 0x0863, 0x0863, 0x18F5, 0x213B, 0x211A, 0x2119, 0x213C, 0x10CF, 0x0863, 0x0863,
    0x0863, 0x0863, 0x0863, 0x0863, 0x0863, 0x0863, 0x0863, 0x0888, 0x10CD, 0x18CF, 0x18F0, 0x18D0,
    0x10CD, 0x0888, 0x0863, 0x0863, 0x0863, 0x0863, 0x0863, 0x0863, 0x0863, 0x0863, 0x0863, 0x0863,
    0x0863, 0x0863, 0x0863, 0x0863, 0x0863, 0x0865, 0x10AA, 0x10CE, 0x18CF, 0x10D0, 0x18F0, 0x10AC,
    0x0863, 0x0863, 0x0863, 0x0863, 0x0A15, 0x0ADD, 0x0ABB, 0x0ADC, 0x0B1C, 0x0B1B, 0x0B5D, 0x0B3C,
    0x0212, 0x0129, 0x0084, 0x0863, 0x0863, 0x0863, 0x08E6, 0x01CD, 0x0358, 0x045D, 0x03FB, 0x041C,
    0x043C, 0x043B, 0x045C, 0x047D, 0x0149, 0x0863, 0x0863, 0x0863, 0x0313, 0x04FD, 0x04BB, 0x04DC,
    0x04FC, 0x051C, 0x049A, 0x01EB, 0x0106, 0x0106, 0x0106, 0x0106, 0x0106, 0x0106, 0x0106, 0x0106,
    0x0126, 0x0126, 0x0126, 0x0126, 0x0126, 0x0863, 0x0863, 0x0863, 0x0887, 0x2115, 0x2115, 0x2116,
    0x1916, 0x1936, 0x1936, 0x1936, 0x1935, 0x1979, 0x219A, 0x19BA, 0x19BA, 0x19DB, 0x1A1B, 0x1A1B,
    0x1A3B, 0x1A5B, 0x127B, 0x127B, 0x12BB, 0x12DB, 0x12DB, 0x12DB, 0x131D, 0x0A77, 0x0884, 0x0863,
    0x0863, 0x0863, 0x0864, 0x213B, 0x18F4, 0x0863, 0x10CF, 0x295D, 0x0887, 0x0864, 0x215C, 0x18F2,
    0x0863, 0x0863, 0x0863, 0x0863, 0x0863, 0x0863, 0x0863, 0x0863, 0x0863, 0x0863, 0x0863, 0x0863,
    0x0863, 0x0863, 0x0863, 0x0863, 0x0863, 0x0863, 0x0863, 0x0863, 0x0863, 0x10AB, 0x2115, 0x295A,
    0x297C, 0x297C, 0x297C, 0x297C, 0x297C, 0x295B, 0x2137, 0x18EF, 0x0864, 0x0863, 0x0863, 0x0863,
    0x0863, 0x0863, 0x0863, 0x0863, 0x0863, 0x0863, 0x1089, 0x1913, 0x2159, 0x297B, 0x297C, 0x297C,
    0x297C, 0x297C, 0x295B, 0x2138, 0x18F1, 0x0886, 0x0863, 0x0863, 0x0863, 0x0863, 0x0863, 0x0863,
    0x18F5, 0x213B, 0x213A, 0x2139, 0x213C, 0x10D0, 0x0863, 0x0863, 0x0863, 0x0863, 0x0863, 0x0863,
    0x0863, 0x10CD, 0x2137, 0x295B, 0x297C, 0x295C, 0x295B, 0x295C, 0x295C, 0x213B, 0x2117, 0x10CD,
    0x0863, 0x0863, 0x0863, 0x0863, 0x0863, 0x0863, 0x0863, 0x0863, 0x0863, 0x0863, 0x0863, 0x0866,
    0x18F1, 0x2139, 0x295B, 0x295C, 0x295C, 0x215C, 0x215C, 0x215B, 0x0886, 0x0863, 0x0863, 0x092C,
    0x12DD, 0x0ABB, 0x0ABB, 0x0ADC, 0x0AFB, 0x0B3D, 0x0AB8, 0x00E8, 0x0863, 0x0863, 0x0863, 0x0863,
    0x0863, 0x0863, 0x0863, 0x0863, 0x0883, 0x0251, 0x043D, 0x041B, 0x043B, 0x045C, 0x043B, 0x049D,
    0x0397, 0x0863, 0x0863, 0x0863, 0x03D8, 0x04DD, 0x04BB, 0x04DC, 0x04DC, 0x051D, 0x0189, 0x0863,
    0x0863, 0x0863, 0x0863, 0x0863, 0x0863, 0x0863, 0x0863, 0x0863, 0x0863, 0x0863, 0x0863, 0x0863,
    0x0863, 0x0863, 0x0863, 0x0863, 0x0863, 0x0863, 0x0863, 0x0863, 0x0863, 0x0863, 0x0863, 0x0863,
    0x10AA, 0x217A, 0x21BA, 0x19BA, 0x19BB, 0x19DB, 0x1A1B, 0x1A3B, 0x1A3B, 0x1A5B, 0x127B, 0x127B,
    0x12BB, 0x12BB, 0x12BB, 0x12FD, 0x0A98, 0x0885, 0x0863, 0x0863, 0x0863, 0x0863, 0x0863, 0x18F4,
    0x10AE, 0x0863, 0x10AB, 0x1917, 0x0864, 0x0863, 0x18F5, 0x10AC, 0x0863, 0x0863, 0x0863, 0x0863,
    0x0863, 0x0863, 0x0863, 0x0863, 0x0863, 0x0863, 0x0863, 0x0863, 0x0863, 0x0863, 0x0863, 0x0863,
    0x0863, 0x0863, 0x0863, 0x0885, 0x1914, 0x295B, 0x295B, 0x213A, 0x295A, 0x2959, 0x2959, 0x2959,
    0x2959, 0x295A, 0x295A, 0x297C, 0x2138, 0x10AA, 0x0863, 0x0863, 0x0863, 0x0863, 0x0863, 0x0863,
    0x0863, 0x18F1, 0x295B, 0x295B, 0x295A, 0x2139, 0x2139, 0x2139, 0x2139, 0x2139, 0x2139, 0x215A,
    0x295C, 0x213A, 0x10AE, 0x0863, 0x0863, 0x0863, 0x0863, 0x0863, 0x18F5, 0x213B, 0x213A, 0x2119,
    0x213C, 0x10D0, 0x0863, 0x0863, 0x0863, 0x0863, 0x0863, 0x0888, 0x2117, 0x295C, 0x295B, 0x215A,
    0x2139, 0x2139, 0x2139, 0x2139, 0x2139, 0x213A, 0x215B, 0x295C, 0x2137, 0x0888, 0x0863, 0x0863,
    0x0863, 0x0863, 0x0863, 0x0863, 0x0863, 0x0863, 0x10AB, 0x2139, 0x295C, 0x215A, 0x213A, 0x2139,
    0x2139, 0x2139, 0x2139, 0x213A, 0x0887, 0x0863, 0x0863, 0x0A18, 0x12BC, 0x12BB, 0x0ADB, 0x0ADB,
    0x0B1D, 0x0A77, 0x0884, 0x0863, 0x0863, 0x0863, 0x0863, 0x0863, 0x0863, 0x0863, 0x0863, 0x0863,
    0x0863, 0x0863, 0x01ED, 0x045D, 0x041B, 0x045C, 0x045C, 0x045B, 0x04BD, 0x01CB, 0x0863, 0x0884,
    0x0419, 0x04BC, 0x04BC, 0x04BC, 0x04FC, 0x0479, 0x0883, 0x0883, 0x0863, 0x0863, 0x0863, 0x0863,
    0x0863, 0x0863, 0x0863, 0x0863, 0x0863, 0x0863, 0x0863, 0x0863, 0x0863, 0x0863, 0x0863, 0x0863,
    0x0863, 0x0863, 0x0863, 0x0863, 0x0863, 0x0863, 0x0863, 0x10A9, 0x217B, 0x217B, 0x219A, 0x19BA,
    0x19BB, 0x19DB, 0x1A1B, 0x1A3B, 0x1A5B, 0x1A7B, 0x127B, 0x127B, 0x12BB, 0x12BB, 0x12DC, 0x0A99,
    0x08A6, 0x0863, 0x0863, 0x0863, 0x0863, 0x0863, 0x0865, 0x0866, 0x0866, 0x0866, 0x0866, 0x0886,
    0x0866, 0x0866, 0x0866, 0x0866, 0x0864, 0x0863, 0x0863, 0x0863, 0x0863, 0x0863, 0x0863, 0x0863,
    0x0863, 0x0863, 0x0863, 0x0863, 0x0863, 0x0863, 0x0863, 0x0863, 0x0863, 0x0863, 0x0887, 0x2138,
    0x295B, 0x2959, 0x295A, 0x295A, 0x295A, 0x295A, 0x295A, 0x295A, 0x295A, 0x2959, 0x213A, 0x2959,
    0x295A, 0x295B, 0x10CD, 0x0863, 0x0863, 0x0863, 0x0863, 0x0864, 0x1915, 0x295C, 0x215A, 0x2139,
    0x2139, 0x2139, 0x215A, 0x213A, 0x213A, 0x213A, 0x2139, 0x213A, 0x2139, 0x215A, 0x295C, 0x18F1,
    0x0863, 0x0863, 0x0863, 0x0863, 0x18F5, 0x213B, 0x211A, 0x211A, 0x213C, 0x10CF, 0x0863, 0x0863,
    0x0863, 0x0863, 0x10AA, 0x213A, 0x215B, 0x2139, 0x213A, 0x213A, 0x213A, 0x213A, 0x213B, 0x213A,
    0x213A, 0x2139, 0x213A, 0x2139, 0x295B, 0x215A, 0x10AA, 0x0863, 0x0863, 0x0863, 0x0863, 0x0863,
    0x0863, 0x10AB, 0x213B, 0x213A, 0x2139, 0x213A, 0x213A, 0x2139, 0x2139, 0x2139, 0x2139, 0x213A,
    0x0887, 0x0863, 0x090B, 0x129D, 0x127B, 0x12BB, 0x0ABB, 0x0AFC, 0x0ABA, 0x08A5, 0x0863, 0x0863,
    0x0863, 0x0863, 0x0863, 0x0863, 0x0863, 0x0863, 0x0863, 0x0863, 0x0863, 0x0863, 0x0863, 0x0291,
    0x045D, 0x043B, 0x047C, 0x047B, 0x04BD, 0x0396, 0x0863, 0x0883, 0x03D8, 0x04BD, 0x049C, 0x04BC,
    0x04DC, 0x04FC, 0x0106, 0x0863, 0x0863, 0x0863, 0x0863, 0x0863, 0x0863, 0x0863, 0x0863, 0x0863,
    0x0863, 0x0863, 0x0863, 0x0863, 0x0863, 0x0863, 0x0863, 0x0863, 0x0863, 0x0863, 0x0863, 0x0863,
    0x0863, 0x0863, 0x10A9, 0x215A, 0x215A, 0x217A, 0x219A, 0x199B, 0x19BA, 0x19DB, 0x1A1B, 0x1A3B,
    0x1A5B, 0x1A7B, 0x127B, 0x127B, 0x129B, 0x12BC, 0x0A9A, 0x08C7, 0x0863, 0x0863, 0x0863, 0x0863,
    0x0863, 0x10CF, 0x211A, 0x2119, 0x213A, 0x211A, 0x211A, 0x211A, 0x211A, 0x211A, 0x2119, 0x2119,
    0x2119, 0x0889, 0x0863, 0x0863, 0x0863, 0x0863, 0x0863, 0x0863, 0x0863, 0x0863, 0x0863, 0x0863,
    0x0863, 0x0863, 0x0863, 0x0863, 0x0863, 0x0885, 0x2138, 0x295B, 0x2939, 0x295A, 0x2959, 0x295B,
    0x295B, 0x2138, 0x2137, 0x2138, 0x295A, 0x295B, 0x213A, 0x215A, 0x295A, 0x295A, 0x295B, 0x10AB,
    0x0863, 0x0863, 0x0863, 0x20F4, 0x295C, 0x2139, 0x295A, 0x2139, 0x295B, 0x295B, 0x2139, 0x2137,
    0x2138, 0x2139, 0x295C, 0x293A, 0x213A, 0x213A, 0x2139, 0x295C, 0x18CF, 0x0863, 0x0863, 0x0863,
    0x18F6, 0x213B, 0x211A, 0x2119, 0x211C, 0x10D0, 0x0863, 0x0863, 0x0863, 0x0888, 0x213A, 0x213A,
    0x2139, 0x213A, 0x213A, 0x295C, 0x213A, 0x2138, 0x2117, 0x2118, 0x213A, 0x295B, 0x213A, 0x213A,
    0x2139, 0x215A, 0x213A, 0x0887, 0x0863, 0x0863, 0x0863, 0x0863, 0x0888, 0x213A, 0x213A, 0x213A,
    0x213A, 0x2139, 0x293B, 0x295C, 0x293B, 0x213B, 0x295C, 0x213A, 0x0886, 0x0863, 0x09B3, 0x129D,
    0x127B, 0x12BC, 0x0ABB, 0x0B1D, 0x096D, 0x0863, 0x0863, 0x0863, 0x0863, 0x0863, 0x0863, 0x0863,
    0x0863, 0x0863, 0x0863, 0x0863, 0x0863, 0x0863, 0x0863, 0x0884, 0x03D9, 0x045C, 0x045B, 0x047B,
    0x049C, 0x047B, 0x00E6, 0x0863, 0x0375, 0x04DD, 0x04BB, 0x04BC, 0x04DC, 0x053D, 0x0416, 0x0147,
    0x0883, 0x0883, 0x0883, 0x0883, 0x0883, 0x0883, 0x0883, 0x0883, 0x0863, 0x0863, 0x0863, 0x0863,
    0x0863, 0x0863, 0x0863, 0x0863, 0x0863, 0x0863, 0x0863, 0x0863, 0x0863, 0x1089, 0x213A, 0x215A,
    0x215A, 0x217A, 0x217A, 0x199A, 0x19BB, 0x19DB, 0x1A1B, 0x1A3B, 0x1A3B, 0x125B, 0x127B, 0x127B,
    0x129C, 0x129B, 0x08C8, 0x0863, 0x0863, 0x0886, 0x0887, 0x0864, 0x0864, 0x2119, 0x213B, 0x213A,
    0x213A, 0x213A, 0x213A, 0x213A, 0x211A, 0x211A, 0x213A, 0x211A, 0x213C, 0x18D3, 0x0863, 0x0865,
    0x0866, 0x0865, 0x0863, 0x0863, 0x0863, 0x0863, 0x0863, 0x0863, 0x0863, 0x0863, 0x0863, 0x0863,
    0x0863, 0x1914, 0x297C, 0x2959, 0x295A, 0x295A, 0x295B, 0x2114, 0x10AA, 0x0865, 0x0864, 0x0864,
    0x0888, 0x18D1, 0x293B, 0x295A, 0x2939, 0x2139, 0x297D, 0x2115, 0x0863, 0x0863, 0x10CE, 0x295C,
    0x2139, 0x215A, 0x2139, 0x295B, 0x2115, 0x10AB, 0x0865, 0x0864, 0x0864, 0x0866, 0x10AD, 0x2118,
    0x295B, 0x2139, 0x213A, 0x213A, 0x213B, 0x0888, 0x0863, 0x0863, 0x18F6, 0x213B, 0x2119, 0x2119,
    0x213C, 0x10D0, 0x0863, 0x0863, 0x0864, 0x2117, 0x213B, 0x2139, 0x213A, 0x213A, 0x295B, 0x18F2,
    0x0888, 0x0864, 0x0863, 0x0864, 0x0888, 0x18D1, 0x213A, 0x213A, 0x213A, 0x2139, 0x213B, 0x2116,
    0x0863, 0x0863, 0x0863, 0x0863, 0x18F5, 0x295B, 0x2139, 0x213A, 0x213A, 0x295B, 0x2117, 0x10CE,
    0x10AA, 0x108A, 0x10AA, 0x0887, 0x0863, 0x0863, 0x0A18, 0x127C, 0x127B, 0x129B, 0x0ADC, 0x0A99,
    0x0884, 0x0863, 0x0863, 0x0863, 0x0863, 0x0863, 0x0863, 0x0863, 0x0863, 0x0863, 0x0863, 0x0863,
    0x0863, 0x0863, 0x0863, 0x0863, 0x0270, 0x049D, 0x045B, 0x047B, 0x045B, 0x04DD, 0x01CC, 0x0863,
    0x022E, 0x04FE, 0x04BB, 0x04BC, 0x04DC, 0x04FC, 0x053D, 0x051C, 0x04B9, 0x04B9, 0x04D9, 0x04D9,
    0x04F9, 0x0519, 0x0539, 0x0559, 0x04F7, 0x03F3, 0x01EA, 0x0863, 0x0863, 0x0863, 0x0863, 0x0863,
    0x0863, 0x0863, 0x0863, 0x0863, 0x0888, 0x213A, 0x215A, 0x215A, 0x215A, 0x217A, 0x219A, 0x19BA,
    0x19BB, 0x19DB, 0x1A1B, 0x1A3B, 0x1A5B, 0x125B, 0x127B, 0x127C, 0x129C, 0x08EA, 0x0863, 0x0863,
    0x10AB, 0x213D, 0x213D, 0x18F4, 0x0864, 0x2119, 0x213A, 0x213A, 0x213A, 0x213A, 0x213A, 0x213A,
    0x211A, 0x211A, 0x211A, 0x2119, 0x213B, 0x18D2, 0x0864, 0x211A, 0x211C, 0x1919, 0x0885, 0x0863,
    0x0863, 0x0863, 0x0863, 0x0863, 0x0863, 0x0863, 0x0863, 0x0863, 0x10AB, 0x295B, 0x2139, 0x295A,
    0x213A, 0x295B, 0x18CF, 0x0863, 0x0863, 0x0863, 0x0863, 0x0863, 0x0863, 0x0863, 0x10AA, 0x2139,
    0x295C, 0x293B, 0x2114, 0x0888, 0x0863, 0x0885, 0x2139, 0x213A, 0x215A, 0x2139, 0x295B, 0x18F2,
    0x0863, 0x0863, 0x0863, 0x0863, 0x0863, 0x0863, 0x0863, 0x0865, 0x2116, 0x213B, 0x2139, 0x2139,
    0x293B, 0x18F4, 0x0863, 0x0863, 0x18F6, 0x211B, 0x18F9, 0x2119, 0x213C, 0x10D0, 0x0863, 0x0863,
    0x10AD, 0x295C, 0x2139, 0x213A, 0x213A, 0x213A, 0x10AC, 0x0863, 0x0863, 0x0863, 0x0863, 0x0863,
    0x0863, 0x0863, 0x10AA, 0x211A, 0x213A, 0x213A, 0x2119, 0x295C, 0x10AC, 0x0863, 0x0863, 0x0888,
    0x213B, 0x213A, 0x213A, 0x2139, 0x293B, 0x18F3, 0x0864, 0x0863, 0x0863, 0x0863, 0x0863, 0x0863,
    0x0863, 0x08A6, 0x125B, 0x127B, 0x127B, 0x129B, 0x0AFD, 0x0A14, 0x0863, 0x0863, 0x0863, 0x0863,
    0x0863, 0x0863, 0x0863, 0x0863, 0x0863, 0x0863, 0x0863, 0x0863, 0x0863, 0x0863, 0x0863, 0x0863,
    0x0169, 0x047D, 0x047B, 0x045B, 0x045B, 0x04DD, 0x0290, 0x0863, 0x00A4, 0x0439, 0x04DC, 0x04BB,
    0x04DC, 0x04FC, 0x04FC, 0x051C, 0x057D, 0x057D, 0x059D, 0x05BD, 0x05DD, 0x05FD, 0x063D, 0x063D,
    0x065D, 0x069E, 0x067D, 0x04F6, 0x0147, 0x0863, 0x0863, 0x0863, 0x0863, 0x0863, 0x0863, 0x0888,
    0x213A, 0x295A, 0x215A, 0x215A, 0x215A, 0x217A, 0x197A, 0x199A, 0x19BB, 0x19DB, 0x1A1B, 0x1A3B,
    0x1A3B, 0x125B, 0x125B, 0x127C, 0x090A, 0x0863, 0x0863, 0x0863, 0x0866, 0x10CF, 0x10D0, 0x10AA,
    0x0864, 0x1919, 0x213A, 0x213A, 0x213A, 0x213A, 0x213A, 0x213A, 0x211A, 0x191A, 0x211A, 0x2119,
    0x213B, 0x18D2, 0x0863, 0x10AD, 0x10AF, 0x10AD, 0x0864, 0x0863, 0x0863, 0x0863, 0x0863, 0x0863,
    0x0863, 0x0863, 0x0863, 0x0863, 0x2115, 0x293B, 0x213A, 0x2139, 0x295C, 0x18F2, 0x0863, 0x0863,
    0x0863, 0x0863, 0x0863, 0x0863, 0x0863, 0x0863, 0x0863, 0x10A9, 0x1914, 0x108A, 0x0863, 0x0863,
    0x0863, 0x10CD, 0x295C, 0x2139, 0x213A, 0x295B, 0x2115, 0x0863, 0x0863, 0x0863, 0x0863, 0x0863,
    0x0863, 0x0863, 0x0863, 0x0863, 0x0865, 0x2118, 0x213A, 0x213A, 0x213A, 0x213A, 0x0887, 0x0863,
    0x18F6, 0x211B, 0x18FA, 0x20F9, 0x213C, 0x10D0, 0x0863, 0x0864, 0x2117, 0x213B, 0x211A, 0x2119,
    0x213B, 0x10AD, 0x0863, 0x0863, 0x0863, 0x0863, 0x0863, 0x0863, 0x0863, 0x0863, 0x0863, 0x10AB,
    0x213B, 0x2139, 0x2139, 0x213B, 0x2116, 0x0863, 0x0863, 0x10CF, 0x213C, 0x2139, 0x213A, 0x293A,
    0x2118, 0x0863, 0x0863, 0x0863, 0x0863, 0x0863, 0x0863, 0x0863, 0x0863, 0x08C8, 0x127C, 0x127B,
    0x129B, 0x129B, 0x0ADD, 0x09B0, 0x0863, 0x0863, 0x0863, 0x0863, 0x0863, 0x0863, 0x0863, 0x0863,
    0x0863, 0x0863, 0x0863, 0x0863, 0x0863, 0x0863, 0x0863, 0x0863, 0x00E6, 0x043B, 0x045C, 0x045C,
    0x045B, 0x04DD, 0x02F2, 0x0863, 0x0863, 0x01AB, 0x04DD, 0x04DC, 0x04BB, 0x04FC, 0x04FC, 0x051C,
    0x051C, 0x053C, 0x055C, 0x057C, 0x059C, 0x05BC, 0x05FC, 0x05FC, 0x061C, 0x061C, 0x063C, 0x06BE,
    0x061B, 0x01A8, 0x0863, 0x0863, 0x0863, 0x0863, 0x0887, 0x2139, 0x215B, 0x215A, 0x215A, 0x215A,
    0x215A, 0x217A, 0x219B, 0x199B, 0x19BB, 0x19DB, 0x1A1B, 0x1A3B, 0x123B, 0x123B, 0x127C, 0x092C,
    0x0863, 0x0863, 0x0863, 0x0863, 0x0863, 0x0863, 0x0863, 0x0863, 0x0865, 0x1918, 0x213A, 0x213A,
    0x213A, 0x213A, 0x213A, 0x211A, 0x211A, 0x211A, 0x213A, 0x2119, 0x213B, 0x18D3, 0x0863, 0x0863,
    0x0863, 0x0863, 0x0863, 0x0863, 0x0863, 0x0863, 0x0863, 0x0863, 0x0863, 0x0863, 0x0863, 0x0866,
    0x2139, 0x295A, 0x293A, 0x295A, 0x2139, 0x0865, 0x0863, 0x0863, 0x0863, 0x0863, 0x0863, 0x0863,
    0x0863, 0x0863, 0x0863, 0x0863, 0x0863, 0x0863, 0x0863, 0x0863, 0x0863, 0x18F5, 0x295B, 0x213A,
    0x213A, 0x295B, 0x10AB, 0x0864, 0x0865, 0x0864, 0x0864, 0x0864, 0x0864, 0x0864, 0x0864, 0x0865,
    0x0864, 0x18D0, 0x213B, 0x2119, 0x2119, 0x213C, 0x10AE, 0x0863, 0x1916, 0x213B, 0x211A, 0x2119,
    0x213C, 0x10D0, 0x0863, 0x1089, 0x213B, 0x213A, 0x213A, 0x213A, 0x2117, 0x0865, 0x0864, 0x0864,
    0x0864, 0x0864, 0x0864, 0x0864, 0x0864, 0x0864, 0x0865, 0x0864, 0x2116, 0x213B, 0x213A, 0x213A,
    0x213A, 0x0887, 0x0863, 0x18F4, 0x211B, 0x211A, 0x2139, 0x293C, 0x10CE, 0x0863, 0x0863, 0x0863,
    0x0863, 0x0863, 0x0863, 0x0863, 0x0863, 0x08C8, 0x127C, 0x127B, 0x129B, 0x0A9B, 0x0ADD, 0x098F,
    0x0863, 0x0863, 0x0863, 0x0863, 0x0863, 0x0863, 0x0863, 0x0863, 0x0863, 0x0863, 0x0863, 0x0863,
    0x0863, 0x0863, 0x0863, 0x0863, 0x00E6, 0x043B, 0x045C, 0x047B, 0x047B, 0x04DD, 0x0313, 0x0863,
    0x0863, 0x0863, 0x01EB, 0x04BC, 0x053D, 0x04FC, 0x04DB, 0x04FC, 0x051C, 0x053C, 0x055C, 0x057C,
    0x057C, 0x05BC, 0x05DC, 0x05FC, 0x05FC, 0x061C, 0x063C, 0x063C, 0x06BD, 0x061B, 0x0106, 0x0863,
    0x0863, 0x0863, 0x18F2, 0x295C, 0x2139, 0x213A, 0x213A, 0x215A, 0x215A, 0x217A, 0x199B, 0x19BB,
    0x19BB, 0x19FB, 0x1A1B, 0x1A3B, 0x123B, 0x125C, 0x1218, 0x0863, 0x0863, 0x0863, 0x0863, 0x0863,
    0x0888, 0x18F6, 0x18F6, 0x10AF, 0x0864, 0x2119, 0x213B, 0x213A, 0x213A, 0x213A, 0x213A, 0x211A,
    0x211A, 0x211A, 0x213A, 0x2119, 0x213C, 0x18F2, 0x0864, 0x18D3, 0x18F6, 0x18D3, 0x0864, 0x0863,
    0x0863, 0x0863, 0x0863, 0x0863, 0x0863, 0x0863, 0x0863, 0x10AA, 0x293B, 0x213A, 0x2939, 0x295B,
    0x18F3, 0x0863, 0x0863, 0x0863, 0x0863, 0x0863, 0x0863, 0x0863, 0x0863, 0x0863, 0x0863, 0x0863,
    0x0863, 0x0863, 0x0863, 0x0863, 0x0865, 0x2139, 0x213A, 0x213A, 0x213A, 0x213A, 0x2118, 0x2118,
    0x2118, 0x2118, 0x2118, 0x2118, 0x2118, 0x2118, 0x2118, 0x2118, 0x2118, 0x2119, 0x213A, 0x211A,
    0x2119, 0x213B, 0x18D2, 0x0863, 0x18F6, 0x213B, 0x2119, 0x2119, 0x213C, 0x18D0, 0x0863, 0x10AE,
    0x215C, 0x2139, 0x213A, 0x213A, 0x2139, 0x2118, 0x2118, 0x2118, 0x2118, 0x2118, 0x2118, 0x2118,
    0x2118, 0x2118, 0x2118, 0x2118, 0x2119, 0x213A, 0x213A, 0x2139, 0x295B, 0x10AB, 0x0863, 0x18F6,
    0x211B, 0x2119, 0x2119, 0x213B, 0x1089, 0x0863, 0x0863, 0x0863, 0x0863, 0x0863, 0x0863, 0x0863,
    0x0863, 0x08C7, 0x127C, 0x125B, 0x127B, 0x0A9B, 0x0ADD, 0x09B1, 0x0863, 0x0863, 0x0863, 0x0863,
    0x0863, 0x0863, 0x0863, 0x0863, 0x0863, 0x0863, 0x0863, 0x0863, 0x0863, 0x0863, 0x0863, 0x0863,
    0x0107, 0x045C, 0x045C, 0x047C, 0x047B, 0x04DE, 0x02D1, 0x0863, 0x0863, 0x0863, 0x0863, 0x0148,
    0x0395, 0x04DC, 0x053E, 0x055E, 0x057E, 0x05BE, 0x05DE, 0x05DE, 0x05FE, 0x061E, 0x063E, 0x065E,
    0x061C, 0x061C, 0x063C, 0x065C, 0x065C, 0x06FE, 0x0453, 0x0863, 0x0863, 0x0863, 0x2116, 0x295B,
    0x213A, 0x215A, 0x215A, 0x215A, 0x195A, 0x195A, 0x199B, 0x19BB, 0x19DB, 0x19FB, 0x1A1B, 0x1A3B,
    0x123B, 0x127C, 0x11F6, 0x0863, 0x0863, 0x0863, 0x0863, 0x0863, 0x08AA, 0x2119, 0x2119, 0x18D1,
    0x0864, 0x2119, 0x213A, 0x211A, 0x211A, 0x211A, 0x211A, 0x211A, 0x213A, 0x213A, 0x213A, 0x2119,
    0x213C, 0x18D2, 0x0864, 0x18F7, 0x20F9, 0x18F7, 0x0865, 0x0863, 0x0863, 0x0863, 0x0863, 0x0863,
    0x0863, 0x0863, 0x0863, 0x10CD, 0x295B, 0x2959, 0x2939, 0x295C, 0x18CE, 0x0863, 0x0863, 0x0863,
    0x0863, 0x0863, 0x0863, 0x0863, 0x0863, 0x0863, 0x0863, 0x0863, 0x0863, 0x0863, 0x0863, 0x0863,
    0x0887, 0x213A, 0x213A, 0x213A, 0x213A, 0x213A, 0x213A, 0x211A, 0x211A, 0x211A, 0x211A, 0x211A,
    0x211A, 0x211A, 0x211A, 0x211A, 0x211A, 0x211A, 0x213A, 0x213A, 0x2139, 0x213B, 0x18F5, 0x0863,
    0x18F6, 0x211B, 0x2119, 0x2119, 0x213C, 0x10B0, 0x0863, 0x18D1, 0x215C, 0x2139, 0x213A, 0x213A,
    0x213A, 0x211A, 0x211A, 0x213A, 0x211A, 0x213A, 0x211A, 0x211A, 0x211A, 0x211A, 0x211A, 0x213A,
    0x213A, 0x213A, 0x213A, 0x2139, 0x295B, 0x10CE, 0x0863, 0x20F7, 0x213B, 0x211A, 0x211A, 0x211B,
    0x0888, 0x0863, 0x0863, 0x0863, 0x0863, 0x0863, 0x0863, 0x0863, 0x0863, 0x0885, 0x125A, 0x127C,
    0x127B, 0x0A9B, 0x0ADD, 0x0A36, 0x0863, 0x0863, 0x0863, 0x0863, 0x0863, 0x0863, 0x0863, 0x0863,
    0x0863, 0x0863, 0x0863, 0x0863, 0x0863, 0x0863, 0x0863, 0x0863, 0x01CC, 0x047D, 0x043B, 0x045C,
    0x045B, 0x04DE, 0x024E, 0x0863, 0x0863, 0x0863, 0x0863, 0x0863, 0x0863, 0x0107, 0x024D, 0x02F1,
    0x0331, 0x0331, 0x0351, 0x0372, 0x0372, 0x0372, 0x0391, 0x0414, 0x05FB, 0x065D, 0x063C, 0x065C,
    0x067C, 0x067C, 0x065C, 0x0147, 0x0863, 0x0863, 0x18F3, 0x295C, 0x2139, 0x215A, 0x215A, 0x215A,
    0x215A, 0x195A, 0x199A, 0x19BB, 0x19DB, 0x19FB, 0x1A1B, 0x1A3B, 0x125B, 0x125B, 0x127B, 0x08A7,
    0x0863, 0x0863, 0x0863, 0x0863, 0x0863, 0x0863, 0x0863, 0x0863, 0x0865, 0x2118, 0x213A, 0x211A,
    0x211A, 0x213A, 0x211A, 0x211A, 0x213A, 0x213A, 0x213A, 0x18F9, 0x213B, 0x18F2, 0x0863, 0x0863,
    0x0863, 0x0863, 0x0863, 0x0863, 0x0863, 0x0863, 0x0863, 0x0863, 0x0863, 0x0863, 0x0863, 0x10CE,
    0x293B, 0x2139, 0x2139, 0x295C, 0x10CD, 0x0863, 0x0863, 0x0863, 0x0863, 0x0863, 0x0863, 0x0863,
    0x0863, 0x0863, 0x0863, 0x0863, 0x0863, 0x0863, 0x0863, 0x0863, 0x0888, 0x213A, 0x213A, 0x213A,
    0x293A, 0x213A, 0x293A, 0x293A, 0x293A, 0x213A, 0x213A, 0x211A, 0x211A, 0x211A, 0x211A, 0x211A,
    0x211A, 0x213A, 0x213A, 0x213A, 0x213A, 0x293C, 0x2116, 0x0863, 0x18F6, 0x213B, 0x2119, 0x2119,
    0x213C, 0x10D0, 0x0863, 0x18D2, 0x293C, 0x2139, 0x213A, 0x213A, 0x213A, 0x213A, 0x213A, 0x293A,
    0x213A, 0x213A, 0x213A, 0x213A, 0x213A, 0x213A, 0x213A, 0x213A, 0x213A, 0x213A, 0x211A, 0x213A,
    0x295D, 0x18CF, 0x0863, 0x18F7, 0x211B, 0x211A, 0x211A, 0x211B, 0x0888, 0x0863, 0x0863, 0x0863,
    0x0863, 0x0863, 0x0863, 0x0863, 0x0863, 0x0863, 0x0A18, 0x127C, 0x127B, 0x0A9B, 0x0ABB, 0x0ABB,
    0x08C6, 0x0863, 0x0863, 0x0863, 0x0863, 0x0863, 0x0863, 0x0863, 0x0863, 0x0863, 0x0863, 0x0863,
    0x0863, 0x0863, 0x0863, 0x0863, 0x0314, 0x047D, 0x045B, 0x047B, 0x047B, 0x04BD, 0x018A, 0x0863,
    0x0863, 0x0863, 0x0863, 0x0863, 0x0863, 0x0863, 0x0863, 0x0863, 0x0863, 0x0863, 0x0863, 0x0863,
    0x0863, 0x0863, 0x0863, 0x0863, 0x0167, 0x059A, 0x065D, 0x065C, 0x067C, 0x067C, 0x06DD, 0x030D,
    0x0863, 0x0863, 0x0887, 0x213A, 0x215A, 0x213A, 0x215A, 0x215A, 0x215A, 0x217A, 0x199B, 0x19BB,
    0x19DB, 0x19FB, 0x1A1B, 0x1A3B, 0x123B, 0x125B, 0x129C, 0x1238, 0x0885, 0x0863, 0x0863, 0x0863,
    0x0865, 0x10AB, 0x10AC, 0x0887, 0x0864, 0x20F8, 0x213A, 0x211A, 0x213A, 0x213A, 0x211A, 0x211A,
    0x213A, 0x213A, 0x213A, 0x2119, 0x213B, 0x18D2, 0x0863, 0x108A, 0x10AC, 0x1089, 0x0863, 0x0863,
    0x0863, 0x0863, 0x0863, 0x0863, 0x0863, 0x0863, 0x0863, 0x10AC, 0x295B, 0x213A, 0x213A, 0x295C,
    0x18D0, 0x0863, 0x0863, 0x0863, 0x0863, 0x0863, 0x0863, 0x0863, 0x0863, 0x0863, 0x0863, 0x0863,
    0x0863, 0x0863, 0x0863, 0x0863, 0x0887, 0x213A, 0x211A, 0x213A, 0x213A, 0x2139, 0x2118, 0x2118,
    0x2117, 0x2118, 0x2118, 0x20F8, 0x20F8, 0x20F8, 0x20F8, 0x2118, 0x2118, 0x2118, 0x2118, 0x2118,
    0x2117, 0x2119, 0x10CF, 0x0863, 0x18F6, 0x211B, 0x2119, 0x2119, 0x213C, 0x10D0, 0x0863, 0x18D1,
    0x213C, 0x2139, 0x213A, 0x213A, 0x2119, 0x2118, 0x2118, 0x2118, 0x2118, 0x2118, 0x2118, 0x2118,
    0x2118, 0x2118, 0x2118, 0x2118, 0x2118, 0x2117, 0x2117, 0x2118, 0x2118, 0x0888, 0x0863, 0x18F6,
    0x211B, 0x211A, 0x211A, 0x213B, 0x1089, 0x0863, 0x0863, 0x0863, 0x0863, 0x0863, 0x0863, 0x0863,
    0x0863, 0x0863, 0x0992, 0x129D, 0x127B, 0x0A9B, 0x0A9B, 0x0AFD, 0x09D2, 0x0863, 0x0863, 0x0863,
    0x0863, 0x0863, 0x0863, 0x0863, 0x0863, 0x0863, 0x0863, 0x0863, 0x0863, 0x0863, 0x0863, 0x0128,
    0x043C, 0x043B, 0x045B, 0x045B, 0x049C, 0x043A, 0x00A4, 0x0863, 0x0863, 0x0863, 0x0863, 0x0863,
    0x0863, 0x0863, 0x0863, 0x0863, 0x0863, 0x0863, 0x0863, 0x0863, 0x0863, 0x0863, 0x0863, 0x0883,
    0x0863, 0x02CE, 0x069E, 0x065C, 0x067C, 0x067C, 0x06DE, 0x0412, 0x0863, 0x0863, 0x0863, 0x10A9,
    0x213A, 0x215A, 0x213A, 0x215A, 0x195A, 0x197B, 0x199B, 0x19BB, 0x19DB, 0x19FB, 0x1A1B, 0x1A3B,
    0x1A5B, 0x125B, 0x127B, 0x12BD, 0x1236, 0x0864, 0x0863, 0x0863, 0x10AC, 0x295E, 0x295E, 0x18F5,
    0x0864, 0x18F8, 0x213A, 0x213A, 0x213A, 0x213A, 0x211A, 0x211A, 0x211A, 0x211A, 0x213A, 0x2119,
    0x213B, 0x18D1, 0x0865, 0x211C, 0x293E, 0x211B, 0x0866, 0x0863, 0x0863, 0x0863, 0x0863, 0x0863,
    0x0863, 0x0863, 0x0863, 0x10A9, 0x293B, 0x213A, 0x213A, 0x295B, 0x2115, 0x0863, 0x0863, 0x0863,
    0x0863, 0x0863, 0x0863, 0x0863, 0x0863, 0x0863, 0x0863, 0x0863, 0x0863, 0x0863, 0x0863, 0x0863,
    0x0864, 0x2118, 0x213A, 0x213A, 0x213A, 0x2139, 0x0886, 0x0864, 0x0864, 0x0864, 0x0864, 0x0864,
    0x0864, 0x0864, 0x0864, 0x0864, 0x0864, 0x0864, 0x0864, 0x0864, 0x0864, 0x0864, 0x0863, 0x0863,
    0x18F5, 0x211B, 0x211A, 0x2119, 0x213C, 0x10B0, 0x0863, 0x10AD, 0x213B, 0x2119, 0x211A, 0x213B,
    0x18D2, 0x0863, 0x0864, 0x0864, 0x0864, 0x0864, 0x0864, 0x0864, 0x0864, 0x0864, 0x0864, 0x0864,
    0x0864, 0x0864, 0x0864, 0x0864, 0x0863, 0x0863, 0x0863, 0x18F6, 0x211B, 0x211A, 0x211A, 0x211B,
    0x1089, 0x0863, 0x0863, 0x0863, 0x0863, 0x0863, 0x0863, 0x0863, 0x0863, 0x0863, 0x08E9, 0x129D,
    0x127B, 0x0A9C, 0x0ABB, 0x0ABB, 0x0AFC, 0x090A, 0x0863, 0x0863, 0x0863, 0x0863, 0x0863, 0x0863,
    0x0863, 0x0863, 0x0863, 0x0863, 0x0863, 0x0863, 0x0884, 0x0357, 0x045C, 0x043B, 0x045C, 0x045B,
    0x04BD, 0x02F2, 0x0863, 0x0863, 0x0863, 0x0863, 0x0863, 0x0863, 0x0863, 0x0863, 0x0863, 0x0863,
    0x0863, 0x0863, 0x0863, 0x0863, 0x0863, 0x0863, 0x0863, 0x0863, 0x0863, 0x020A, 0x069E, 0x065C,
    0x067C, 0x067C, 0x06DD, 0x0453, 0x0863, 0x0863, 0x0863, 0x0863, 0x10AA, 0x295B, 0x213A, 0x213A,
    0x215B, 0x197B, 0x199B, 0x19BB, 0x19DB, 0x1A1B, 0x1A3B, 0x1A3B, 0x1A5B, 0x127B, 0x127B, 0x127B,
    0x12DD, 0x0A15, 0x0863, 0x0863, 0x0864, 0x08AA, 0x10AB, 0x0886, 0x0864, 0x2119, 0x213A, 0x213A,
    0x213A, 0x213A, 0x211A, 0x211A, 0x211A, 0x211A, 0x211A, 0x2119, 0x213C, 0x18F3, 0x0863, 0x0889,
    0x108A, 0x0888, 0x0863, 0x0863, 0x0863, 0x0863, 0x0863, 0x0863, 0x0863, 0x0863, 0x0863, 0x0885,
    0x2139, 0x213A, 0x213A, 0x213A, 0x213B, 0x1088, 0x0863, 0x0863, 0x0863, 0x0863, 0x0863, 0x0863,
    0x0863, 0x0863, 0x0863, 0x0863, 0x0863, 0x0863, 0x0863, 0x0863, 0x0863, 0x18F4, 0x213B, 0x2119,
    0x2119, 0x293C, 0x10AD, 0x0863, 0x0863, 0x0863, 0x0863, 0x0863, 0x0863, 0x0863, 0x0863, 0x0863,
    0x0863, 0x0863, 0x0863, 0x0863, 0x0863, 0x0863, 0x0863, 0x0863, 0x18F5, 0x211B, 0x211A, 0x2119,
    0x213C, 0x10D0, 0x0863, 0x0888, 0x211A, 0x211A, 0x211A, 0x211A, 0x2119, 0x0865, 0x0863, 0x0863,
    0x0863, 0x0863, 0x0863, 0x0863, 0x0863, 0x0863, 0x0863, 0x0863, 0x0863, 0x0863, 0x0863, 0x0863,
    0x0863, 0x0863, 0x0863, 0x1916, 0x211B, 0x211A, 0x211A, 0x213B, 0x1089, 0x0863, 0x0863, 0x0863,
    0x0863, 0x0863, 0x0863, 0x0863, 0x0863, 0x0863, 0x0863, 0x0A16, 0x129D, 0x0A7B, 0x0ABC, 0x0ABB,
    0x0ADC, 0x0ADB, 0x090A, 0x0863, 0x0863, 0x0863, 0x0863, 0x0863, 0x0863, 0x0863, 0x0863, 0x0863,
    0x0863, 0x0884, 0x02F5, 0x043D, 0x041B, 0x043C, 0x045C, 0x045B, 0x047C, 0x0127, 0x0863, 0x0863,
    0x0863, 0x0863, 0x0863, 0x0863, 0x0863, 0x0863, 0x0863, 0x0863, 0x0863, 0x0863, 0x0863, 0x0863,
    0x0863, 0x0863, 0x0863, 0x0863, 0x0863, 0x0370, 0x06BE, 0x065C, 0x067C, 0x065C, 0x06DD, 0x03F1,
    0x0863, 0x0863, 0x0863, 0x0863, 0x0863, 0x10AC, 0x215C, 0x193A, 0x195B, 0x197B, 0x219B, 0x19BB,
    0x19DB, 0x19FB, 0x1A3B, 0x1A3B, 0x1A5B, 0x1A7B, 0x129B, 0x129B, 0x129B, 0x12FD, 0x09D3, 0x0863,
    0x0863, 0x0863, 0x0863, 0x0863, 0x0863, 0x18D2, 0x213C, 0x213B, 0x213B, 0x213B, 0x213B, 0x211B,
    0x211B, 0x213B, 0x211B, 0x211B, 0x211A, 0x10AB, 0x0863, 0x0863, 0x0863, 0x0863, 0x0863, 0x0863,
    0x0863, 0x0863, 0x0863, 0x0863, 0x0863, 0x0863, 0x0863, 0x0863, 0x2114, 0x295B, 0x213A, 0x213A,
    0x293B, 0x2137, 0x0864, 0x0863, 0x0863, 0x0863, 0x0863, 0x0863, 0x0863, 0x0863, 0x0863, 0x10AC,
    0x2138, 0x18CF, 0x0864, 0x0863, 0x0863, 0x10AD, 0x293C, 0x2119, 0x211A, 0x211A, 0x2118, 0x0886,
    0x0863, 0x0863, 0x0863, 0x0863, 0x0863, 0x0863, 0x0863, 0x0863, 0x0866, 0x2116, 0x18F4, 0x0888,
    0x0863, 0x0863, 0x0863, 0x0863, 0x18F6, 0x213B, 0x211A, 0x2119, 0x213C, 0x18D0, 0x0863, 0x0863,
    0x18F6, 0x213B, 0x211A, 0x20FA, 0x213C, 0x18F3, 0x0863, 0x0863, 0x0863, 0x0863, 0x0863, 0x0863,
    0x0863, 0x0863, 0x0863, 0x10AB, 0x20F7, 0x10CF, 0x0865, 0x0863, 0x0863, 0x0863, 0x0863, 0x18F6,
    0x211B, 0x211A, 0x213A, 0x213B, 0x0889, 0x0863, 0x0863, 0x0863, 0x0863, 0x0863, 0x0863, 0x0863,
    0x0863, 0x0863, 0x0863, 0x08E9, 0x129D, 0x0A7B, 0x0ABC, 0x0ABC, 0x0ADB, 0x0AFC, 0x0AFC, 0x09D0,
    0x0885, 0x0863, 0x0863, 0x0863, 0x0863, 0x0863, 0x0863, 0x0863, 0x014A, 0x0358, 0x041D, 0x03FB,
    0x041C, 0x043C, 0x041B, 0x049E, 0x02F3, 0x0863, 0x0863, 0x0863, 0x0863, 0x0863, 0x0863, 0x0863,
    0x0863, 0x0863, 0x0863, 0x0863, 0x0863, 0x0863, 0x0863, 0x0863, 0x0863, 0x0863, 0x0863, 0x0863,
    0x020A, 0x061C, 0x065C, 0x065C, 0x067C, 0x067C, 0x06BD, 0x028C, 0x0863, 0x0863, 0x0863, 0x0863,
    0x0863, 0x0863, 0x10CD, 0x217C, 0x217A, 0x217A, 0x199B, 0x19BB, 0x19FB, 0x1A1B, 0x1A3B, 0x1A5B,
    0x1A5B, 0x1A7B, 0x127B, 0x12BC, 0x12BB, 0x12DB, 0x131E, 0x09D1, 0x0863, 0x0863, 0x0863, 0x0863,
    0x0863, 0x0863, 0x0888, 0x0887, 0x0887, 0x0888, 0x0887, 0x0887, 0x0888, 0x0888, 0x0887, 0x0887,
    0x0866, 0x0863, 0x0863, 0x0863, 0x0863, 0x0863, 0x0863, 0x0863, 0x0863, 0x0863, 0x0863, 0x0863,
    0x0863, 0x0863, 0x0863, 0x0863, 0x1089, 0x295B, 0x2139, 0x213A, 0x213A, 0x295B, 0x2115, 0x0886,
    0x0863, 0x0863, 0x0863, 0x0863, 0x0863, 0x0863, 0x10CE, 0x293B, 0x295B, 0x295B, 0x2139, 0x10AB,
    0x0863, 0x0865, 0x2118, 0x213A, 0x211A, 0x211A, 0x213B, 0x2138, 0x0888, 0x0863, 0x0863, 0x0863,
    0x0863, 0x0863, 0x0863, 0x0888, 0x2118, 0x295B, 0x213B, 0x213A, 0x18D2, 0x0864, 0x0863, 0x0863,
    0x18F5, 0x213B, 0x211A, 0x2119, 0x213C, 0x10D0, 0x0863, 0x0863, 0x10AB, 0x295C, 0x2139, 0x211A,
    0x211A, 0x213B, 0x18F3, 0x0865, 0x0863, 0x0863, 0x0863, 0x0863, 0x0863, 0x0863, 0x10CD, 0x213A,
    0x213B, 0x293B, 0x2139, 0x10AC, 0x0863, 0x0863, 0x0863, 0x18F6, 0x211B, 0x211A, 0x213A, 0x213B,
    0x1088, 0x0863, 0x0863, 0x0863, 0x0863, 0x0863, 0x0863, 0x0863, 0x0863, 0x0863, 0x0863, 0x0863,
    0x0991, 0x12BE, 0x0A9B, 0x0ABC, 0x0ADC, 0x0ADB, 0x0AFC, 0x0B3D, 0x02DA, 0x0212, 0x016C, 0x0109,
    0x0108, 0x014A, 0x01EF, 0x02F7, 0x03FD, 0x03FD, 0x03DB, 0x041C, 0x041C, 0x041B, 0x045C, 0x03FA,
    0x00C5, 0x0863, 0x0863, 0x0863, 0x0149, 0x0314, 0x0334, 0x0354, 0x0355, 0x0374, 0x0394, 0x0394,
    0x03B4, 0x03D5, 0x03D5, 0x03D4, 0x03F4, 0x0415, 0x0435, 0x04D7, 0x061C, 0x063C, 0x063C, 0x067C,
    0x067C, 0x069C, 0x05FA, 0x00C4, 0x0863, 0x0863, 0x0863, 0x0863, 0x0863, 0x0863, 0x0863, 0x10EE,
    0x219C, 0x217A, 0x199B, 0x19BB, 0x19FB, 0x1A1B, 0x1A3B, 0x123B, 0x1A5B, 0x127B, 0x127B, 0x12BB,
    0x12BC, 0x12DC, 0x12FB, 0x133E, 0x09D0, 0x0863, 0x0863, 0x0863, 0x0863, 0x0863, 0x0863, 0x18F1,
    0x10AC, 0x0863, 0x0888, 0x18F3, 0x0863, 0x0863, 0x18D1, 0x10AA, 0x0863, 0x0863, 0x0863, 0x0863,
    0x0863, 0x0863, 0x0863, 0x0863, 0x0863, 0x0863, 0x0863, 0x0863, 0x0863, 0x0863, 0x0863, 0x0863,
    0x0863, 0x18F2, 0x295C, 0x2139, 0x213A, 0x2939, 0x295B, 0x2139, 0x18F1, 0x10AA, 0x0888, 0x10A9,
    0x10CE, 0x2115, 0x293B, 0x213A, 0x213A, 0x2139, 0x295C, 0x20F5, 0x0863, 0x0863, 0x10AD, 0x293C,
    0x2119, 0x211A, 0x211A, 0x213B, 0x211A, 0x18F2, 0x10AB, 0x0888, 0x0888, 0x10AB, 0x18F2, 0x211A,
    0x213B, 0x2139, 0x2139, 0x213A, 0x293C, 0x0887, 0x0863, 0x0863, 0x18F5, 0x213B, 0x211A, 0x2119,
    0x213C, 0x10D0, 0x0863, 0x0863, 0x0863, 0x1914, 0x293B, 0x2119, 0x211A, 0x211A, 0x213C, 0x2118,
    0x18D0, 0x108A, 0x0888, 0x1089, 0x10CD, 0x18F5, 0x213B, 0x213A, 0x213A, 0x2139, 0x295C, 0x2116,
    0x0863, 0x0863, 0x0863, 0x18F6, 0x211B, 0x211A, 0x213A, 0x213B, 0x0888, 0x0863, 0x0863, 0x0863,
    0x0863, 0x0863, 0x0863, 0x0863, 0x0863, 0x0863, 0x0863, 0x0863, 0x0863, 0x09F5, 0x0ADE, 0x0A9B,
    0x0ADB, 0x0ADC, 0x0AFC, 0x0B1B, 0x0B3C, 0x035D, 0x035D, 0x035D, 0x035C, 0x039D, 0x03DE, 0x03DD,
    0x03BC, 0x03DC, 0x03FC, 0x03FC, 0x03FB, 0x043C, 0x043C, 0x0128, 0x0863, 0x0863, 0x0863, 0x0863,
    0x0377, 0x04DF, 0x049D, 0x04DD, 0x04DD, 0x051D, 0x053D, 0x053D, 0x055E, 0x057E, 0x059E, 0x05BE,
    0x05DE, 0x05FE, 0x061E, 0x063D, 0x061C, 0x061C, 0x063C, 0x065C, 0x065B, 0x071F, 0x034F, 0x0863,
    0x0863, 0x0863, 0x0863, 0x0863, 0x0863, 0x0863, 0x0863, 0x0863, 0x10EF, 0x219B, 0x199A, 0x19BA,
    0x19FB, 0x1A1B, 0x1A3B, 0x123B, 0x125B, 0x127B, 0x129B, 0x129B, 0x12BB, 0x12DC, 0x12FC, 0x0AFC,
    0x0B3D, 0x098E, 0x0863, 0x0863, 0x0863, 0x0863, 0x0864, 0x213B, 0x18F4, 0x0863, 0x10D0, 0x295E,
    0x0887, 0x0865, 0x213D, 0x18F3, 0x0863, 0x0863, 0x0863, 0x0863, 0x0863, 0x0863, 0x0863, 0x0863,
    0x0863, 0x0863, 0x0863, 0x0863, 0x0863, 0x0863, 0x0863, 0x0863, 0x0863, 0x0864, 0x2117, 0x293B,
    0x2939, 0x295A, 0x213A, 0x293A, 0x295C, 0x295B, 0x295B, 0x295B, 0x295C, 0x293B, 0x2939, 0x295A,
    0x2139, 0x293A, 0x293A, 0x0887, 0x0863, 0x0863, 0x0863, 0x18F2, 0x295C, 0x211A, 0x213A, 0x213A,
    0x213A, 0x295B, 0x295B, 0x213B, 0x213B, 0x295B, 0x295B, 0x213A, 0x213A, 0x213A, 0x2139, 0x295C,
    0x18CE, 0x0863, 0x0863, 0x0863, 0x18F6, 0x211B, 0x211A, 0x2119, 0x213C, 0x10CF, 0x0863, 0x0863,
    0x0863, 0x0865, 0x2118, 0x293B, 0x2139, 0x211A, 0x211A, 0x213B, 0x293C, 0x213B, 0x213B, 0x213B,
    0x295C, 0x213B, 0x211A, 0x213A, 0x2139, 0x293A, 0x213A, 0x1089, 0x0863, 0x0863, 0x0863, 0x18F6,
    0x211B, 0x211A, 0x213A, 0x213B, 0x0888, 0x0863, 0x0863, 0x0863, 0x0863, 0x0863, 0x0863, 0x0863,
    0x0863, 0x0863, 0x0863, 0x0863, 0x0863, 0x0864, 0x09F4, 0x0ADE, 0x0ABB, 0x0ADB, 0x0AFC, 0x0B1C,
    0x031B, 0x031B, 0x033B, 0x035C, 0x035C, 0x037C, 0x037B, 0x039C, 0x03BC, 0x03DC, 0x03DC, 0x03FB,
    0x043D, 0x03FB, 0x0149, 0x0863, 0x0863, 0x0863, 0x0863, 0x0863, 0x0356, 0x045C, 0x045B, 0x047C,
    0x049C, 0x049C, 0x04DC, 0x04DC, 0x04FC, 0x051C, 0x053C, 0x055C, 0x059C, 0x05BC, 0x05DC, 0x05DC,
    0x061C, 0x063C, 0x063C, 0x063C, 0x06FE, 0x0537, 0x0883, 0x0863, 0x10AA, 0x2116, 0x2116, 0x2116,
    0x1936, 0x1936, 0x1936, 0x1956, 0x1956, 0x219B, 0x21BB, 0x19DB, 0x19FB, 0x1A1C, 0x1A3C, 0x1A5C,
    0x125C, 0x127C, 0x129C, 0x12BC, 0x12DC, 0x12FC, 0x131C, 0x0B1C, 0x0B1C, 0x0B7E, 0x092A, 0x0863,
    0x0863, 0x0863, 0x0864, 0x213B, 0x18F3, 0x0863, 0x10CF, 0x295E, 0x0886, 0x0864, 0x213C, 0x18D2,
    0x0863, 0x0863, 0x0863, 0x0863, 0x0863, 0x0863, 0x0863, 0x0863, 0x0863, 0x0863, 0x0863, 0x0863,
    0x0863, 0x0863, 0x0863, 0x0863, 0x0863, 0x0863, 0x0865, 0x2116, 0x295C, 0x293A, 0x2939, 0x213A,
    0x2939, 0x213A, 0x295A, 0x293A, 0x2139, 0x213A, 0x2939, 0x2139, 0x295B, 0x2939, 0x1089, 0x0863,
    0x0863, 0x0863, 0x0863, 0x0863, 0x18F3, 0x295C, 0x293A, 0x2139, 0x213A, 0x2139, 0x2119, 0x211A,
    0x211A, 0x211A, 0x2139, 0x213A, 0x2139, 0x213A, 0x293C, 0x18CF, 0x0863, 0x0863, 0x0863, 0x0863,
    0x18F5, 0x211A, 0x2119, 0x2119, 0x213B, 0x10CF, 0x0863, 0x0863, 0x0863, 0x0863, 0x0887, 0x2118,
    0x293C, 0x2119, 0x211A, 0x213A, 0x2119, 0x211A, 0x211A, 0x211A, 0x2139, 0x2139, 0x2139, 0x2119,
    0x213B, 0x211A, 0x1089, 0x0863, 0x0863, 0x0863, 0x0863, 0x20F6, 0x213A, 0x2119, 0x2119, 0x213A,
    0x1088, 0x0863, 0x0863, 0x0863, 0x0863, 0x0863, 0x0863, 0x0863, 0x0863, 0x0863, 0x0863, 0x0863,
    0x0863, 0x0863, 0x0863, 0x0990, 0x0ADC, 0x0AFD, 0x0AFB, 0x0AFB, 0x031B, 0x033C, 0x033C, 0x035C,
    0x037C, 0x037C, 0x039C, 0x039C, 0x03BB, 0x03DB, 0x03FC, 0x043E, 0x0357, 0x00E7, 0x0863, 0x0863,
    0x0863, 0x0863, 0x0863, 0x0863, 0x0356, 0x047D, 0x045C, 0x047C, 0x047C, 0x049C, 0x04DC, 0x04DC,
    0x04FC, 0x051C, 0x053C, 0x057C, 0x057C, 0x059C, 0x05BC, 0x05DC, 0x061C, 0x061C, 0x063C, 0x06DF,
    0x0558, 0x00E5, 0x0863, 0x0863, 0x10AC, 0x293A, 0x2139, 0x2139, 0x2139, 0x2159, 0x2159, 0x217A,
    0x197A, 0x1979, 0x1999, 0x19B9, 0x19D9, 0x19F9, 0x1219, 0x1219, 0x1239, 0x1259, 0x1259, 0x1279,
    0x129A, 0x0ABA, 0x0ABA, 0x0ADA, 0x0ADA, 0x0AFA, 0x0909, 0x0863, 0x0863, 0x0863, 0x0863, 0x10AB,
    0x0888, 0x0863, 0x0886, 0x10AC, 0x0863, 0x0863, 0x10AC, 0x0887, 0x0863, 0x0863, 0x0863, 0x0863,
    0x0863, 0x0863, 0x0863, 0x0863, 0x0863, 0x0863, 0x0863, 0x0863, 0x0863, 0x0863, 0x0863, 0x0863,
    0x0863, 0x0863, 0x0863, 0x0864, 0x18F2, 0x293B, 0x295B, 0x293A, 0x213A, 0x213A, 0x2939, 0x2139,
    0x213A, 0x295A, 0x295B, 0x295B, 0x20F5, 0x0887, 0x0863, 0x0863, 0x0863, 0x0863, 0x0863, 0x0863,
    0x0863, 0x18CF, 0x213A, 0x295C, 0x293A, 0x213A, 0x2119, 0x2119, 0x211A, 0x211A, 0x213A, 0x293B,
    0x293C, 0x2118, 0x10AB, 0x0863, 0x0863, 0x0863, 0x0863, 0x0863, 0x18F6, 0x213B, 0x211A, 0x211A,
    0x213C, 0x10D0, 0x0863, 0x0863, 0x0863, 0x0863, 0x0863, 0x0865, 0x18F3, 0x213B, 0x213C, 0x213A,
    0x213A, 0x2119, 0x2139, 0x2119, 0x213A, 0x213A, 0x213B, 0x213B, 0x18F5, 0x0887, 0x0863, 0x0863,
    0x0863, 0x0863, 0x0863, 0x2117, 0x293B, 0x211A, 0x213A, 0x293C, 0x1089, 0x0863, 0x0863, 0x0863,
    0x0863, 0x0863, 0x0863, 0x0863, 0x0863, 0x0863, 0x0863, 0x0863, 0x0863, 0x0863, 0x0863, 0x0863,
    0x08E9, 0x0A35, 0x02FC, 0x0B1D, 0x031C, 0x031C, 0x033C, 0x033B, 0x035B, 0x037B, 0x039C, 0x03BC,
    0x03DD, 0x03FE, 0x039A, 0x020F, 0x0863, 0x0863, 0x0863, 0x0863, 0x0863, 0x0863, 0x0863, 0x0863,
    0x0377, 0x049E, 0x047C, 0x049D, 0x04BD, 0x04BC, 0x04DC, 0x04FD, 0x04FD, 0x053D, 0x055D, 0x057D,
    0x059D, 0x05BD, 0x05DD, 0x061D, 0x065D, 0x069E, 0x063C, 0x03F2, 0x08A4, 0x0863, 0x0863, 0x0863,
    0x0863, 0x0863, 0x0864, 0x0864, 0x0864, 0x0864, 0x0864, 0x0864, 0x0864, 0x0864, 0x0864, 0x0884,
    0x0884, 0x0864, 0x0864, 0x0884, 0x0884, 0x0884, 0x0884, 0x0884, 0x0884, 0x0884, 0x0884, 0x0884,
    0x0884, 0x0884, 0x0863, 0x0863, 0x0863, 0x0863, 0x0863, 0x0863, 0x0863, 0x0863, 0x0863, 0x0863,
    0x0863, 0x0863, 0x0863, 0x0863, 0x0863, 0x0863, 0x0863, 0x0863, 0x0863, 0x0863, 0x0863, 0x0863,
    0x0863, 0x0863, 0x0863, 0x0863, 0x0863, 0x0863, 0x0863, 0x0863, 0x0863, 0x0863, 0x0863, 0x0863,
    0x0863, 0x0888, 0x18F2, 0x2118, 0x293A, 0x295B, 0x293B, 0x293B, 0x293B, 0x2139, 0x20F4, 0x10AA,
    0x0863, 0x0863, 0x0863, 0x0863, 0x0863, 0x0863, 0x0863, 0x0863, 0x0863, 0x0863, 0x0887, 0x18D1,
    0x2118, 0x213A, 0x293B, 0x293C, 0x293B, 0x213B, 0x213A, 0x2116, 0x10AE, 0x0864, 0x0863, 0x0863,
    0x0863, 0x0863, 0x0863, 0x0863, 0x10AE, 0x2119, 0x20F7, 0x20F7, 0x20F8, 0x1089, 0x0863, 0x0863,
    0x0863, 0x0863, 0x0863, 0x0863, 0x0863, 0x1089, 0x18F3, 0x2118, 0x213B, 0x213B, 0x213B, 0x293B,
    0x213B, 0x2119, 0x18F4, 0x10AB, 0x0863, 0x0863, 0x0863, 0x0863, 0x0863, 0x0863, 0x0863, 0x10D0,
    0x2118, 0x2117, 0x2118, 0x20F5, 0x0865, 0x0863, 0x0863, 0x0863, 0x0863, 0x0863, 0x0863, 0x0863,
    0x0863, 0x0863, 0x0863, 0x0863, 0x0863, 0x0863, 0x0863, 0x0863, 0x0863, 0x0863, 0x08E9, 0x09F2,
    0x0298, 0x02FB, 0x033D, 0x035D, 0x037D, 0x037D, 0x037C, 0x035A, 0x02B5, 0x01CD, 0x00A5, 0x0863,
    0x0863, 0x0863, 0x0863, 0x0863, 0x0863, 0x0863, 0x0863, 0x0863, 0x020E, 0x03FA, 0x03D9, 0x0419,
    0x0419, 0x0439, 0x0439, 0x0459, 0x0479, 0x0479, 0x0499, 0x04BA, 0x04D9, 0x04FA, 0x051A, 0x0519,
    0x04B6, 0x0370, 0x0167, 0x0863, 0x0863, 0x0863, 0x0863, 0x0863, 0x0863, 0x0863, 0x0863, 0x0863,
    0x0863, 0x0863, 0x0863, 0x0863, 0x0863, 0x0863, 0x0863, 0x0863, 0x0863, 0x0863, 0x0863, 0x0863,
    0x0863, 0x0863, 0x0863, 0x0863, 0x0863, 0x0863, 0x0863, 0x0863, 0x0863, 0x0863, 0x0863, 0x0863,
    0x0863, 0x0863, 0x0863, 0x0863, 0x0863, 0x0863, 0x0863, 0x0863, 0x0863, 0x0863, 0x0863, 0x0863,
    0x0863, 0x0863, 0x0863, 0x0863, 0x0863, 0x0863, 0x0863, 0x0863, 0x0863, 0x0863, 0x0863, 0x0863,
    0x0863, 0x0863, 0x0863, 0x0863, 0x0863, 0x0863, 0x0863, 0x0863, 0x0863, 0x0863, 0x0863, 0x0864,
    0x0888, 0x10AA, 0x10AC, 0x10AB, 0x1088, 0x0865, 0x0863, 0x0863, 0x0863, 0x0863, 0x0863, 0x0863,
    0x0863, 0x0863, 0x0863, 0x0863, 0x0863, 0x0863, 0x0863, 0x0863, 0x0864, 0x0888, 0x10AB, 0x10AC,
    0x10AC, 0x108A, 0x0887, 0x0863, 0x0863, 0x0863, 0x0863, 0x0863, 0x0863, 0x0863, 0x0863, 0x0863,
    0x0863, 0x0864, 0x0864, 0x0864, 0x0863, 0x0863, 0x0863, 0x0863, 0x0863, 0x0863, 0x0863, 0x0863,
    0x0863, 0x0863, 0x0863, 0x0864, 0x0888, 0x10AB, 0x10AC, 0x10AB, 0x0888, 0x0865, 0x0863, 0x0863,
    0x0863, 0x0863, 0x0863, 0x0863, 0x0863, 0x0863, 0x0863, 0x0863, 0x0864, 0x0864, 0x0864, 0x0863,
    0x0863, 0x0863, 0x0863, 0x0863, 0x0863, 0x0863, 0x0863, 0x0863, 0x0863, 0x0863, 0x0863, 0x0863,
    0x0863, 0x0863, 0x0863, 0x0863, 0x0863, 0x0863, 0x0863, 0x0863, 0x0863, 0x08A6, 0x0109, 0x012A,
    0x014B, 0x012A, 0x00E8, 0x0085, 0x0863, 0x0863, 0x0863, 0x0863, 0x0863, 0x0863, 0x0863, 0x0863,
    0x0863, 0x0863, 0x0863, 0x0863, 0x0863, 0x0883, 0x0884, 0x0884, 0x0884, 0x0884, 0x0884, 0x0884,
    0x0884, 0x0884, 0x0884, 0x0884, 0x0884, 0x0884, 0x0884, 0x0883, 0x0863, 0x0863, 0x0863, 0x0863,
    0x0863, 0x0863, 0x0863, 0x0863, 0x0863, 0x0863, 0x0863, 0x0863, 0x0863, 0x0863, 0x0863, 0x0863,
    0x0863, 0x0863, 0x10CC, 0x1936, 0x1935, 0x1935, 0x1956, 0x1976, 0x1976, 0x1196, 0x11B6, 0x11B6,
    0x11D6, 0x11F6, 0x11F6, 0x1216, 0x1216, 0x1236, 0x1256, 0x0A56, 0x0A76, 0x0A76, 0x0A96, 0x0AB6,
    0x0AD6, 0x0AD6, 0x0AF6, 0x02F6, 0x0316, 0x0316, 0x0336, 0x0356, 0x0376, 0x0396, 0x0396, 0x03B6,
    0x03D6, 0x03D6, 0x0374, 0x020C, 0x0863, 0x0863, 0x0863, 0x0863, 0x0863, 0x0863, 0x0863, 0x0863,
    0x0863, 0x0863, 0x0863, 0x0863, 0x0863, 0x0863, 0x0863, 0x0863, 0x0863, 0x0863, 0x0863, 0x0863,
    0x0863, 0x0863, 0x0863, 0x0863, 0x0863, 0x0863, 0x0863, 0x0863, 0x0863, 0x0863, 0x0863, 0x0863,
    0x0863, 0x0863, 0x0863, 0x0863, 0x0863, 0x0863, 0x0863, 0x0863, 0x0863, 0x0863, 0x0863, 0x0863,
    0x0863, 0x0863, 0x0863, 0x0863, 0x0863, 0x0863, 0x0863, 0x0863, 0x0863, 0x0863, 0x0863, 0x0863,
    0x0863, 0x0863, 0x0863, 0x0863, 0x0863, 0x0863, 0x0863, 0x0863, 0x0863, 0x0863, 0x0863, 0x0863,
    0x0863, 0x0863, 0x0863, 0x0863, 0x0863, 0x0863, 0x0863, 0x0863, 0x0863, 0x0863, 0x0863, 0x0863,
    0x0863, 0x0863, 0x0863, 0x0863, 0x0863, 0x0863, 0x0863, 0x0863, 0x0863, 0x0863, 0x0863, 0x0863,
    0x0863, 0x0863, 0x0863, 0x0863, 0x0863, 0x0863, 0x0863, 0x0863, 0x0863, 0x0863, 0x0863, 0x0863,
    0x0863, 0x0863, 0x0863, 0x0863, 0x0863, 0x0863, 0x0863, 0x0863, 0x0863, 0x0863, 0x0863, 0x0863,
    0x0863, 0x0863, 0x0863, 0x0863, 0x0863, 0x0863, 0x0863, 0x0863, 0x0863, 0x0863, 0x0863, 0x0863,
    0x0863, 0x0863, 0x0863, 0x0863, 0x0863, 0x0863, 0x0863, 0x0863, 0x0863, 0x0863, 0x0863, 0x0863,
    0x0863, 0x0863, 0x0863, 0x0863, 0x0863, 0x0863, 0x0863, 0x0863, 0x0863, 0x0863, 0x0863, 0x0863,
    0x0863, 0x0863, 0x0863, 0x0863, 0x0863, 0x0863, 0x0863, 0x0863, 0x0863, 0x0863, 0x18F2, 0x299E,
    0x215B, 0x217C, 0x219C, 0x21BC, 0x21DC, 0x19FC, 0x1A1C, 0x1A3C, 0x1A5D, 0x1A7D, 0x1A9D, 0x12BD,
    0x12DD, 0x12FD, 0x131D, 0x133D, 0x133D, 0x135D, 0x0B7D, 0x0B9D, 0x0BBD, 0x0BDD, 0x0BFD, 0x0BFD,
    0x041D, 0x043D, 0x043D, 0x047D, 0x049D, 0x04BD, 0x04DD, 0x051D, 0x053E, 0x053E, 0x055E, 0x059E,
    0x0498, 0x0147, 0x0863, 0x0863, 0x0863, 0x0863, 0x0863, 0x0863, 0x0863, 0x0863, 0x0863, 0x0863,
    0x0863, 0x0863, 0x0863, 0x0863, 0x0863, 0x0863, 0x0863, 0x0863, 0x0863, 0x0863, 0x0863, 0x0863,
    0x0863, 0x0863, 0x0863, 0x0863, 0x0863, 0x0863, 0x0863, 0x0863, 0x0863, 0x0863, 0x0863, 0x0863,
    0x0863, 0x0863, 0x0863, 0x0863, 0x0863, 0x0863, 0x0863, 0x0863, 0x0863, 0x0863, 0x0863, 0x0863,
    0x0863, 0x0863, 0x0863, 0x0863, 0x0863, 0x0863, 0x0863, 0x0863, 0x0863, 0x0863, 0x0863, 0x0863,
    0x0863, 0x0863, 0x0863, 0x0863, 0x0863, 0x0863, 0x0863, 0x0863, 0x0863, 0x0863, 0x0863, 0x0863,
    0x0863, 0x0863, 0x0863, 0x0863, 0x0863, 0x0863, 0x0863, 0x0863, 0x0863, 0x0863, 0x0863, 0x0863,
    0x0863, 0x0863, 0x0863, 0x0863, 0x0863, 0x0863, 0x0863, 0x0863, 0x0863, 0x0863, 0x0863, 0x0863,
    0x0863, 0x0863, 0x0863, 0x0863, 0x0863, 0x0863, 0x0863, 0x0863, 0x0863, 0x0863, 0x0863, 0x0863,
    0x0863, 0x0863, 0x0863, 0x0863, 0x0863, 0x0863, 0x0863, 0x0863, 0x0863, 0x0863, 0x0863, 0x0863,
    0x0863, 0x0863, 0x0863, 0x0863, 0x0863, 0x0863, 0x0863, 0x0863, 0x0863, 0x0863, 0x0863, 0x0863,
    0x0863, 0x0863, 0x0863, 0x0863, 0x0863, 0x0863, 0x0863, 0x0863, 0x0863, 0x0863, 0x0863, 0x0863,
    0x0863, 0x0863, 0x0863, 0x0863, 0x0863, 0x0863, 0x0863, 0x0863, 0x0863, 0x0863, 0x0863, 0x0863,
    0x0863, 0x0863, 0x0863, 0x0863, 0x0863, 0x0863, 0x0863, 0x1913, 0x217C, 0x215A, 0x217A, 0x21BA,
    0x19BA, 0x19DB, 0x19FB, 0x1A1B, 0x1A3B, 0x1A5B, 0x125B, 0x127B, 0x12BB, 0x12DB, 0x12DB, 0x131B,
    0x131B, 0x135C, 0x0B5C, 0x0B7C, 0x0B7C, 0x0B9C, 0x0BBC, 0x0BDC, 0x0BDC, 0x03FC, 0x041C, 0x043C,
    0x045C, 0x047C, 0x04BC, 0x04DC, 0x04DC, 0x04FC, 0x051C, 0x053C, 0x05BE, 0x055B, 0x0147, 0x0863,
    0x0863, 0x0863, 0x0863, 0x0863, 0x0863, 0x0863, 0x0863, 0x0863, 0x0863, 0x0863, 0x0863, 0x0863,
    0x0863, 0x0863, 0x0863, 0x0863, 0x0863, 0x0863, 0x0863, 0x0863, 0x0863, 0x0863, 0x0863, 0x0863,
    0x0863, 0x0863, 0x0863, 0x0863, 0x0863, 0x0863, 0x0863, 0x0863, 0x0863, 0x0863, 0x0863, 0x0863,
    0x0863, 0x0863, 0x0863, 0x0863, 0x0863, 0x0863, 0x0863, 0x0863, 0x0863, 0x0863, 0x0863, 0x0863,
    0x0863, 0x0863, 0x0863, 0x0863, 0x0863, 0x0863, 0x0863, 0x0863, 0x0863, 0x0863, 0x0863, 0x0863,
    0x0863, 0x0863, 0x0863, 0x0863, 0x0863, 0x0863, 0x0863, 0x0863, 0x0863, 0x0863, 0x0863, 0x0863,
    0x0863, 0x0863, 0x0863, 0x0863, 0x0863, 0x0863, 0x0863, 0x0863, 0x0863, 0x0863, 0x0863, 0x0863,
    0x0863, 0x0863, 0x0863, 0x0863, 0x0863, 0x0863, 0x0863, 0x0863, 0x0863, 0x0863, 0x0863, 0x0863,
    0x0863, 0x0864, 0x10AE, 0x10AF, 0x10B0, 0x108C, 0x0863, 0x0863, 0x0865, 0x10CF, 0x10D0, 0x10D0,
    0x088A, 0x0863, 0x0863, 0x0887, 0x10AF, 0x10AF, 0x10B0, 0x088A, 0x0863, 0x0863, 0x0888, 0x10B0,
    0x10AF, 0x10AE, 0x0865, 0x0863, 0x0863, 0x10AD, 0x10CF, 0x10AF, 0x108B, 0x0863, 0x0863, 0x0863,
    0x0863, 0x0863, 0x0863, 0x0889, 0x10D0, 0x10D0, 0x10AD, 0x0863, 0x0863, 0x0863, 0x0888, 0x10D0,
    0x10CF, 0x10D0, 0x0866, 0x0863, 0x0863, 0x0863, 0x0863, 0x0863, 0x0863, 0x0863, 0x0863, 0x0863,
    0x0863, 0x0863, 0x0863, 0x0863, 0x1935, 0x217C, 0x217A, 0x219B, 0x21BB, 0x19DB, 0x19FB, 0x1A1B,
    0x1A3B, 0x1A5B, 0x1A7B, 0x127B, 0x12BB, 0x12DB, 0x12FC, 0x131C, 0x131C, 0x135C, 0x0B5C, 0x0B7C,
    0x0B9C, 0x0B9C, 0x0BBC, 0x0BDC, 0x0BFC, 0x041C, 0x043C, 0x043C, 0x045C, 0x047C, 0x04BC, 0x04DC,
    0x04FC, 0x04FC, 0x053C, 0x055C, 0x055C, 0x05BD, 0x04F9, 0x00C4, 0x0863, 0x0863, 0x0863, 0x0863,
    0x0863, 0x0863, 0x0863, 0x0863, 0x0863, 0x0863, 0x0863, 0x0863, 0x0863, 0x0863, 0x0863, 0x0863,
    0x0863, 0x0863, 0x0863, 0x0863, 0x0863, 0x0863, 0x0863, 0x0863, 0x0863, 0x0863, 0x0863, 0x0863,
    0x0863, 0x0863, 0x0863, 0x0863, 0x0863, 0x0863, 0x0863, 0x0863, 0x0863, 0x0863, 0x0863, 0x0863,
    0x0863, 0x0863, 0x0863, 0x0863, 0x0863, 0x0863, 0x0863, 0x0863, 0x0863, 0x0863, 0x0863, 0x0863,
    0x0863, 0x0863, 0x0863, 0x0863, 0x0863, 0x0863, 0x0863, 0x0863, 0x0863, 0x0863, 0x0863, 0x0863,
    0x0863, 0x0863, 0x0863, 0x0863, 0x0863, 0x0863, 0x0863, 0x0863, 0x0863, 0x0863, 0x0863, 0x0863,
    0x0863, 0x0863, 0x0863, 0x0863, 0x0863, 0x0863, 0x0863, 0x0863, 0x0863, 0x0863, 0x0863, 0x0863,
    0x0863, 0x0863, 0x0863, 0x0863, 0x0863, 0x0863, 0x0863, 0x0863, 0x0863, 0x10B0, 0x10B1, 0x0887,
    0x0888, 0x0887, 0x0863, 0x0863, 0x10D2, 0x10AF, 0x0888, 0x0889, 0x0886, 0x0863, 0x0863, 0x10AF,
    0x10D3, 0x0889, 0x088A, 0x18D5, 0x0887, 0x0863, 0x0888, 0x088A, 0x0887, 0x10AF, 0x10B1, 0x0863,
    0x0863, 0x0889, 0x088A, 0x0889, 0x18F5, 0x0889, 0x0863, 0x0863, 0x0863, 0x0863, 0x0888, 0x18D5,
    0x08AA, 0x088A, 0x10D2, 0x10AF, 0x0863, 0x0865, 0x18D5, 0x0889, 0x0888, 0x0888, 0x0864, 0x0863,
    0x0863, 0x0863, 0x0863, 0x0863, 0x0863, 0x0863, 0x0863, 0x0863, 0x0863, 0x0863, 0x0863, 0x0863,
    0x0864, 0x1936, 0x219C, 0x199A, 0x19BB, 0x19DB, 0x19FB, 0x1A1B, 0x1A3B, 0x1A5B, 0x1A7B, 0x129B,
    0x12BB, 0x12DB, 0x12FC, 0x131C, 0x133C, 0x133C, 0x0B5C, 0x0B7C, 0x0B9C, 0x0B9C, 0x0BBC, 0x0BDC,
    0x03FC, 0x041C, 0x043C, 0x045C, 0x047C, 0x049C, 0x04BC, 0x04BC, 0x04DC, 0x051C, 0x053C, 0x055C,
    0x057C, 0x057C, 0x061E, 0x0455, 0x0863, 0x0863, 0x0863, 0x0863, 0x0863, 0x0863, 0x0863, 0x0863,
    0x0863, 0x0863, 0x0863, 0x0863, 0x0863, 0x0863, 0x0863, 0x0863, 0x0863, 0x0863, 0x0863, 0x0863,
    0x0863, 0x0863, 0x0863, 0x0863, 0x0863, 0x0863, 0x0863, 0x0863, 0x0863, 0x0863, 0x0863, 0x0863,
    0x0863, 0x0863, 0x0863, 0x0863, 0x0863, 0x0863, 0x0863, 0x0863, 0x0863, 0x0863, 0x0863, 0x0863,
    0x0863, 0x0863, 0x0863, 0x0863, 0x0863, 0x0863, 0x0863, 0x0863, 0x0863, 0x0863, 0x0863, 0x0863,
    0x0863, 0x0863, 0x0863, 0x0863, 0x0863, 0x0863, 0x0863, 0x0863, 0x0863, 0x0863, 0x0863, 0x0863,
    0x0863, 0x0863, 0x0863, 0x0863, 0x0863, 0x0863, 0x0863, 0x0863, 0x0863, 0x0863, 0x0863, 0x0863,
    0x0863, 0x0863, 0x0863, 0x0863, 0x0863, 0x0863, 0x0863, 0x0863, 0x0863, 0x0863, 0x0863, 0x0863,
    0x0863, 0x0863, 0x0863, 0x0863, 0x0863, 0x10B0, 0x10B2, 0x108B, 0x108D, 0x0866, 0x0863, 0x0863,
    0x10B0, 0x10B1, 0x088B, 0x088C, 0x0865, 0x0863, 0x0863, 0x10AF, 0x10AF, 0x0863, 0x0864, 0x18D4,
    0x0888, 0x0863, 0x0863, 0x0867, 0x108C, 0x10B1, 0x10AE, 0x0863, 0x0863, 0x0863, 0x0863, 0x0887,
    0x18D5, 0x0887, 0x0863, 0x0863, 0x0863, 0x0863, 0x10AD, 0x10AF, 0x0863, 0x0863, 0x0888, 0x10D3,
    0x0863, 0x0865, 0x18D5, 0x10AD, 0x108C, 0x0889, 0x0863, 0x0863, 0x0863, 0x0863, 0x0863, 0x0863,
    0x0863, 0x0863, 0x0863, 0x0863, 0x0863, 0x0863, 0x0863, 0x0863, 0x0863, 0x0864, 0x1957, 0x219C,
    0x19BA, 0x19DB, 0x19FB, 0x1A1B, 0x1A3B, 0x1A5B, 0x1A7B, 0x129B, 0x12BB, 0x12DB, 0x12FC, 0x131C,
    0x133C, 0x133C, 0x0B5C, 0x0B7C, 0x0B9C, 0x0B9C, 0x0BBC, 0x03BC, 0x03DC, 0x041C, 0x043C, 0x045C,
    0x047C, 0x049C, 0x04BC, 0x04DC, 0x04DC, 0x051C, 0x053C, 0x055C, 0x059C, 0x05BC, 0x05BC, 0x065E,
    0x0371, 0x0863, 0x0863, 0x0863, 0x0863, 0x0863, 0x0863, 0x0863, 0x0863, 0x0863, 0x0863, 0x0863,
    0x0863, 0x0863, 0x0863, 0x0863, 0x0863, 0x0863, 0x0863, 0x0863, 0x0863, 0x0863, 0x0863, 0x0863,
    0x0863, 0x0863, 0x0863, 0x0863, 0x0863, 0x0863, 0x0863, 0x0863, 0x0863, 0x0863, 0x0863, 0x0863,
    0x0863, 0x0863, 0x0863, 0x0863, 0x0863, 0x0863, 0x0863, 0x0863, 0x0863, 0x0863, 0x0863, 0x0863,
    0x0863, 0x0863, 0x0863, 0x0863, 0x0863, 0x0863, 0x0863, 0x0863, 0x0863, 0x0863, 0x0863, 0x0863,
    0x0863, 0x0863, 0x0863, 0x0863, 0x0863, 0x0863, 0x0863, 0x0863, 0x0863, 0x0863, 0x0863, 0x0863,
    0x0863, 0x0863, 0x0863, 0x0863, 0x0863, 0x0863, 0x0863, 0x0863, 0x0863, 0x0863, 0x0863, 0x0863,
    0x0863, 0x0863, 0x0863, 0x0863, 0x0863, 0x0863, 0x0863, 0x0863, 0x0863, 0x0863, 0x0863, 0x0863,
    0x0863, 0x10B0, 0x10B1, 0x088B, 0x108C, 0x0865, 0x0863, 0x0863, 0x0863, 0x088A, 0x088B, 0x10AD,
    0x10B4, 0x0863, 0x0863, 0x108E, 0x18D6, 0x10B0, 0x10B2, 0x10AE, 0x0863, 0x0863, 0x0863, 0x0887,
    0x108B, 0x10B0, 0x10AF, 0x0863, 0x0863, 0x0865, 0x10AF, 0x10B1, 0x0866, 0x0863, 0x0863, 0x0863,
    0x0863, 0x0863, 0x108D, 0x10AF, 0x0863, 0x0863, 0x0888, 0x10D3, 0x0863, 0x0863, 0x0865, 0x108C,
    0x088B, 0x18D3, 0x10AD, 0x0863, 0x0863, 0x0863, 0x0863, 0x0863, 0x0863, 0x0863, 0x0863, 0x0863,
    0x0863, 0x0863, 0x0863, 0x0863, 0x0863, 0x0863, 0x0885, 0x1978, 0x21DC, 0x19DA, 0x19FB, 0x1A1B,
    0x1A3B, 0x1A5B, 0x1A7B, 0x129B, 0x12BB, 0x12DC, 0x12FC, 0x131C, 0x133C, 0x135C, 0x0B5C, 0x0B7C,
    0x0B9C, 0x0B9C, 0x0BBC, 0x0BDC, 0x03DC, 0x041C, 0x045C, 0x047C, 0x049C, 0x049C, 0x04BC, 0x04DC,
    0x04FC, 0x051C, 0x053C, 0x055C, 0x057C, 0x059C, 0x05DC, 0x05DC, 0x065E, 0x024B, 0x0863, 0x0863,
    0x0863, 0x0863, 0x0863, 0x0863, 0x0863, 0x0863, 0x0863, 0x0863, 0x0863, 0x0863, 0x0863, 0x0863,
    0x0863, 0x0863, 0x0863, 0x0863, 0x0863, 0x0863, 0x0863, 0x0863, 0x0863, 0x0863, 0x0863, 0x0863,
    0x0863, 0x0863, 0x0863, 0x0863, 0x0863, 0x0863, 0x0863, 0x0863, 0x0863, 0x0863, 0x0863, 0x0863,
    0x0863, 0x0863, 0x0863, 0x0863, 0x0863, 0x0863, 0x0863, 0x0863, 0x0863, 0x0863, 0x0863, 0x0863,
    0x0863, 0x0863, 0x0863, 0x0863, 0x0863, 0x0863, 0x0863, 0x0863, 0x0863, 0x0863, 0x0863, 0x0863,
    0x0863, 0x0863, 0x0863, 0x0863, 0x0863, 0x0863, 0x0863, 0x0863, 0x0863, 0x0863, 0x0863, 0x0863,
    0x0863, 0x0863, 0x0863, 0x0863, 0x0863, 0x0863, 0x0863, 0x0863, 0x0863, 0x0863, 0x0863, 0x0863,
    0x0863, 0x0863, 0x0863, 0x0863, 0x0863, 0x0863, 0x0863, 0x0863, 0x0863, 0x10AF, 0x10B1, 0x0867,
    0x0867, 0x0866, 0x0863, 0x0863, 0x0865, 0x0867, 0x0866, 0x088A, 0x18D5, 0x0864, 0x0863, 0x10B0,
    0x10AF, 0x0863, 0x0863, 0x0863, 0x0863, 0x0863, 0x0868, 0x0889, 0x0866, 0x108E, 0x10B2, 0x0863,
    0x0864, 0x18D7, 0x10B2, 0x0868, 0x0868, 0x0864, 0x0863, 0x0863, 0x0863, 0x0863, 0x0888, 0x18D5,
    0x0889, 0x0888, 0x10B2, 0x10AF, 0x0863, 0x0863, 0x0867, 0x0867, 0x0867, 0x10D2, 0x10AE, 0x0863,
    0x0863, 0x0863, 0x0863, 0x0863, 0x0863, 0x0863, 0x0863, 0x0863, 0x0863, 0x0863, 0x0863, 0x0863,
    0x0863, 0x0863, 0x0863, 0x0886, 0x1998, 0x19FC, 0x19FA, 0x1A1B, 0x1A3B, 0x1A5B, 0x127B, 0x129B,
    0x12BB, 0x12DB, 0x12FC, 0x131C, 0x133C, 0x135C, 0x0B5C, 0x0B7C, 0x0B9C, 0x0BBC, 0x0BBC, 0x0BDC,
    0x03FC, 0x041C, 0x043C, 0x045C, 0x047C, 0x04BC, 0x04DC, 0x04DC, 0x04FC, 0x051C, 0x053C, 0x055C,
    0x057C, 0x059C, 0x05DC, 0x05DC, 0x061D, 0x061C, 0x0167, 0x0863, 0x0863, 0x0863, 0x0863, 0x0863,
    0x0863, 0x0863, 0x0863, 0x0863, 0x0863, 0x0863, 0x0863, 0x0863, 0x0863, 0x0863, 0x0863, 0x0863,
    0x0863, 0x0863, 0x0863, 0x0863, 0x0863, 0x0863, 0x0863, 0x0863, 0x0863, 0x0863, 0x0863, 0x0863,
    0x0863, 0x0863, 0x0863, 0x0863, 0x0863, 0x0863, 0x0863, 0x0863, 0x0863, 0x0863, 0x0863, 0x0863,
    0x0863, 0x0863, 0x0863, 0x0863, 0x0863, 0x0863, 0x0863, 0x0863, 0x0863, 0x0863, 0x0863, 0x0863,
    0x0863, 0x0863, 0x0863, 0x0863, 0x0863, 0x0863, 0x0863, 0x0863, 0x0863, 0x0863, 0x0863, 0x0863,
    0x0863, 0x0863, 0x0863, 0x0863, 0x0863, 0x0863, 0x0863, 0x0863, 0x0863, 0x0863, 0x0863, 0x0863,
    0x0863, 0x0863, 0x0863, 0x0863, 0x0863, 0x0863, 0x0863, 0x0863, 0x0863, 0x0863, 0x0863, 0x0863,
    0x0863, 0x0863, 0x0863, 0x0863, 0x0863, 0x0864, 0x108E, 0x10AF, 0x10B0, 0x108C, 0x0863, 0x0863,
    0x0889, 0x10B0, 0x10AF, 0x10B1, 0x0888, 0x0863, 0x0863, 0x0889, 0x0888, 0x0863, 0x0863, 0x0863,
    0x0863, 0x0863, 0x0869, 0x1090, 0x108F, 0x108F, 0x0865, 0x0863, 0x0864, 0x108D, 0x108E, 0x10AF,
    0x10AF, 0x0865, 0x0863, 0x0863, 0x0863, 0x0863, 0x0863, 0x088A, 0x10AF, 0x10AF, 0x108E, 0x0863,
    0x0863, 0x0863, 0x108D, 0x10B0, 0x10B0, 0x10AE, 0x0864, 0x0863, 0x0863, 0x0863, 0x0863, 0x0863,
    0x0863, 0x0863, 0x0863, 0x0863, 0x0863, 0x0863, 0x0863, 0x0863, 0x0863, 0x0863, 0x0863, 0x0863,
    0x0886, 0x19D9, 0x1A1C, 0x1A1A, 0x1A3B, 0x1A5B, 0x127B, 0x127B, 0x12BB, 0x12DB, 0x12FC, 0x131C,
    0x133C, 0x133C, 0x0B5C, 0x0B7C, 0x0B9C, 0x0BBC, 0x0BBC, 0x0BDC, 0x03FC, 0x041C, 0x043C, 0x047C,
    0x049C, 0x04BC, 0x04DC, 0x04DC, 0x04FC, 0x051C, 0x055C, 0x055C, 0x057C, 0x059C, 0x05DC, 0x05FC,
    0x05FC, 0x067D, 0x0599, 0x00C4, 0x0863, 0x0863, 0x0863, 0x0863, 0x0863, 0x0863, 0x0863, 0x0863,
    0x0863, 0x0863, 0x0863, 0x0863, 0x0863, 0x0863, 0x0863, 0x0863, 0x0863, 0x0863, 0x0863, 0x0863,
    0x0863, 0x0863, 0x0863, 0x0863, 0x0863, 0x0863, 0x0863, 0x0863, 0x0863, 0x0863, 0x0863, 0x0863,
    0x0863, 0x0863, 0x0863, 0x0863, 0x0863, 0x0863, 0x0863, 0x0863, 0x0863, 0x0863, 0x0863, 0x0863,
    0x0863, 0x0863, 0x0863, 0x0863, 0x0863, 0x0863, 0x0863, 0x0863, 0x0863, 0x0863, 0x0863, 0x0863,
    0x0863, 0x0863, 0x0863, 0x0863, 0x0863, 0x0863, 0x0863, 0x0863, 0x0863, 0x0863, 0x0863, 0x0863,
    0x0863, 0x0863, 0x0863, 0x0863, 0x0863, 0x0863, 0x0863, 0x0863, 0x0863, 0x0863, 0x0863, 0x0863,
    0x0863, 0x0863, 0x0863, 0x0863, 0x0863, 0x0863, 0x0863, 0x0863, 0x0863, 0x0863, 0x0863, 0x0863,
    0x0863, 0x0863, 0x0863, 0x0863, 0x0863, 0x0863, 0x0863, 0x0863, 0x0863, 0x0863, 0x0863, 0x0863,
    0x0863, 0x0863, 0x0863, 0x0863, 0x0863, 0x0863, 0x0863, 0x0863, 0x0863, 0x0863, 0x0863, 0x0863,
    0x0863, 0x0863, 0x0863, 0x0863, 0x0863, 0x0863, 0x0863, 0x0863, 0x0863, 0x0863, 0x0863, 0x0863,
    0x0863, 0x0863, 0x0863, 0x0863, 0x0863, 0x0863, 0x0863, 0x0863, 0x0863, 0x0863, 0x0863, 0x0863,
    0x0863, 0x0863, 0x0863, 0x0863, 0x0863, 0x0863, 0x0863, 0x0863, 0x0863, 0x0863, 0x0863, 0x0863,
    0x0863, 0x0863, 0x0863, 0x0863, 0x0863, 0x0863, 0x0863, 0x0863, 0x0863, 0x08A7, 0x19FA, 0x1A3C,
    0x123A, 0x1A5B, 0x127B, 0x129C, 0x12BC, 0x12DB, 0x12FC, 0x131C, 0x133C, 0x133C, 0x0B5C, 0x0B7C,
    0x0B9C, 0x0BBC, 0x0BDC, 0x0BDC, 0x03FC, 0x041C, 0x043C, 0x045C, 0x047C, 0x049C, 0x04BC, 0x04FC,
    0x04FC, 0x051C, 0x055C, 0x055C, 0x057C, 0x05BC, 0x05DC, 0x05FC, 0x061C, 0x061C, 0x06BE, 0x04B5,
    0x0863, 0x0863, 0x0863, 0x0863, 0x0863, 0x0863, 0x0863, 0x0863, 0x0863, 0x0863, 0x0863, 0x0863,
    0x0863, 0x0863, 0x0863, 0x0863, 0x0863, 0x0863, 0x0863, 0x0863, 0x0863, 0x0863, 0x0863, 0x0863,
    0x0863, 0x0863, 0x0863, 0x0863, 0x0863, 0x0863, 0x0863, 0x0863, 0x0863, 0x0863, 0x0863, 0x0863,
    0x0863, 0x0863, 0x0863, 0x0863, 0x0863, 0x0863, 0x0863, 0x0863, 0x0863, 0x0863, 0x0863, 0x0863,
    0x0863, 0x0863, 0x0863, 0x0863, 0x0863, 0x0863, 0x0863, 0x0863, 0x0863, 0x0863, 0x0863, 0x0863,
    0x0863, 0x0863, 0x0863, 0x0863, 0x0863, 0x0863, 0x0863, 0x0863, 0x0863, 0x0863, 0x0863, 0x0863,
    0x0863, 0x0863, 0x0863, 0x0863, 0x0863, 0x0863, 0x0863, 0x0863, 0x0863, 0x0863, 0x0863, 0x0863,
    0x0863, 0x0863, 0x0863, 0x0863, 0x0863, 0x0863, 0x0863, 0x0863, 0x0863, 0x0863, 0x0863, 0x0863,
    0x0863, 0x0863, 0x0863, 0x0863, 0x0863, 0x0863, 0x0863, 0x0863, 0x0863, 0x0863, 0x0863, 0x0863,
    0x0863, 0x0863, 0x0863, 0x0863, 0x0863, 0x0863, 0x0863, 0x0863, 0x0863, 0x0863, 0x0863, 0x0863,
    0x0863, 0x0863, 0x0863, 0x0863, 0x0863, 0x0863, 0x0863, 0x0863, 0x0863, 0x0863, 0x0863, 0x0863,
    0x0863, 0x0863, 0x0863, 0x0863, 0x0863, 0x0863, 0x0863, 0x0863, 0x0863, 0x0863, 0x0863, 0x0863,
    0x0863, 0x0863, 0x0863, 0x0863, 0x0863, 0x0863, 0x0863, 0x0863, 0x0863, 0x0863, 0x0863, 0x0863,
    0x0863, 0x0863, 0x0863, 0x0863, 0x0863, 0x0863, 0x08A7, 0x11D7, 0x1A5D, 0x1A5B, 0x125B, 0x127B,
    0x12BB, 0x12BB, 0x12DB, 0x131C, 0x131C, 0x133C, 0x0B5C, 0x0B7C, 0x0B7C, 0x0B9C, 0x0BBC, 0x03DC,
    0x03FC, 0x03FC, 0x043C, 0x045C, 0x045C, 0x047C, 0x04BC, 0x04DC, 0x04FC, 0x053C, 0x055C, 0x055C,
    0x059C, 0x05BC, 0x05DC, 0x05FC, 0x063C, 0x065C, 0x063C, 0x06FE, 0x0390, 0x0863, 0x0863, 0x0863,
    0x0863, 0x0863, 0x0863, 0x0863, 0x0863, 0x0863, 0x0863, 0x0863, 0x0863, 0x0863, 0x0863, 0x0863,
    0x0863, 0x0863, 0x0863, 0x0863, 0x0863, 0x0863, 0x0863, 0x0863, 0x0863, 0x0863, 0x0863, 0x0863,
    0x0863, 0x0863, 0x0863, 0x0863, 0x0863, 0x0863, 0x0863, 0x0863, 0x0863, 0x0863, 0x0863, 0x0863,
    0x0863, 0x0863, 0x0863, 0x0863, 0x0863, 0x0863, 0x0863, 0x0863, 0x0863, 0x0863, 0x0863, 0x0863,
    0x0863, 0x0863, 0x0863, 0x0863, 0x0863, 0x0863, 0x0863, 0x0863, 0x0863, 0x0863, 0x0863, 0x0863,
    0x0863, 0x0863, 0x0863, 0x0863, 0x0863, 0x0863, 0x0863, 0x0863, 0x0863, 0x0863, 0x0863, 0x0863,
    0x0863, 0x0863, 0x0863, 0x0863, 0x0863, 0x0863, 0x0863, 0x0863, 0x0863, 0x0863, 0x0863, 0x0863,
    0x0863, 0x0863, 0x0863, 0x0863, 0x0863, 0x0863, 0x0863, 0x0863, 0x0863, 0x0863, 0x0863, 0x0863,
    0x0863, 0x0863, 0x0863, 0x0863, 0x0863, 0x0863, 0x0863, 0x0863, 0x0863, 0x0863, 0x0863, 0x0863,
    0x0863, 0x0863, 0x0863, 0x0863, 0x0863, 0x0863, 0x0863, 0x0863, 0x0863, 0x0863, 0x0863, 0x0863,
    0x0863, 0x0863, 0x0863, 0x0863, 0x0863, 0x0863, 0x0863, 0x0863, 0x0863, 0x0863, 0x0863, 0x0863,
    0x0863, 0x0863, 0x0863, 0x0863, 0x0863, 0x0863, 0x0863, 0x0863, 0x0863, 0x0863, 0x0863, 0x0863,
    0x0863, 0x0863, 0x0863, 0x0863, 0x0863, 0x0863, 0x0863, 0x0863, 0x0863, 0x0863, 0x0863, 0x0863,
    0x0863, 0x0863, 0x0863, 0x0864, 0x1170, 0x125B, 0x1A9D, 0x129D, 0x129C, 0x12BB, 0x12DB, 0x12FC,
    0x131C, 0x0B1C, 0x0B5C, 0x0B7C, 0x0B7C, 0x0B9C, 0x03BC, 0x03DC, 0x03FC, 0x041C, 0x043C, 0x045C,
    0x047C, 0x049C, 0x04BC, 0x04DC, 0x04FC, 0x053C, 0x055C, 0x057C, 0x059C, 0x05DC, 0x05FC, 0x061C,
    0x063C, 0x065C, 0x065C, 0x067C, 0x06DE, 0x01C8, 0x0863, 0x0863, 0x0863, 0x0863, 0x0863, 0x0863,
    0x0863, 0x0863, 0x0863, 0x0863, 0x0863, 0x0863, 0x0863, 0x0863, 0x0863, 0x0863, 0x0863, 0x0863,
    0x0863, 0x0863, 0x0863, 0x0863, 0x0863, 0x0863, 0x0863, 0x0863, 0x0863, 0x0863, 0x0863, 0x0863,
    0x0863, 0x0863, 0x0863, 0x0863, 0x0863, 0x0863, 0x0863, 0x0863, 0x0863, 0x0863, 0x0863, 0x0863,
    0x0863, 0x0863, 0x0863, 0x0863, 0x0863, 0x0863, 0x0863, 0x0863, 0x0863, 0x0863, 0x0863, 0x0863,
    0x0863, 0x0863, 0x0863, 0x0863, 0x0863, 0x0863, 0x0863, 0x0863, 0x0863, 0x0863, 0x0863, 0x0863,
    0x0863, 0x0863, 0x0863, 0x0863, 0x0863, 0x0863, 0x0863, 0x0863, 0x0863, 0x0863, 0x0863, 0x0863,
    0x0863, 0x0863, 0x0863, 0x0863, 0x0863, 0x0863, 0x0863, 0x0863, 0x0863, 0x0863, 0x0863, 0x0863,
    0x0863, 0x0863, 0x0863, 0x0863, 0x0863, 0x0863, 0x0863, 0x0863, 0x0863, 0x0863, 0x0863, 0x0863,
    0x0863, 0x0863, 0x0863, 0x0863, 0x0863, 0x0863, 0x0863, 0x0863, 0x0863, 0x0863, 0x0863, 0x0863,
    0x0863, 0x0863, 0x0863, 0x0863, 0x0863, 0x0863, 0x0863, 0x0863, 0x0863, 0x0863, 0x0863, 0x0863,
    0x0863, 0x0863, 0x0863, 0x0863, 0x0863, 0x0863, 0x0863, 0x0863, 0x0863, 0x0863, 0x0863, 0x0863,
    0x0863, 0x0863, 0x0863, 0x0863, 0x0863, 0x0863, 0x0863, 0x0863, 0x0863, 0x0863, 0x0863, 0x0863,
    0x0863, 0x0863, 0x0863, 0x0863, 0x0863, 0x0863, 0x0863, 0x0863, 0x0863, 0x0863, 0x0863, 0x0863,
    0x0863, 0x08A6, 0x096F, 0x1216, 0x127A, 0x12BB, 0x12DB, 0x0AFB, 0x0B1C, 0x0B3C, 0x0B5C, 0x0B5C,
    0x0B7C, 0x0B9C, 0x03BC, 0x03DC, 0x03FC, 0x041C, 0x043C, 0x047C, 0x049C, 0x04BC, 0x04DC, 0x04DC,
    0x051C, 0x053C, 0x057C, 0x059C, 0x059C, 0x05BC, 0x05FC, 0x061C, 0x061C, 0x063C, 0x065C, 0x069D,
    0x063B, 0x0167, 0x0863, 0x0863, 0x0863, 0x0863, 0x0863, 0x0863, 0x0863, 0x0863, 0x0863, 0x0863,
    0x0863, 0x0863, 0x0863, 0x0863, 0x0863, 0x0863, 0x0863, 0x0863, 0x0863, 0x0863, 0x0863, 0x0863,
    0x0863, 0x0863, 0x0863, 0x0863, 0x0863, 0x0863, 0x0863, 0x0863, 0x0863, 0x0863, 0x0863, 0x0863,
    0x0863, 0x0863, 0x0863, 0x0863, 0x0863, 0x0863, 0x0863, 0x0863, 0x0863, 0x0863, 0x0863, 0x0863,
    0x0863, 0x0863, 0x0863, 0x0863, 0x0863, 0x0863, 0x0863, 0x0863, 0x0863, 0x0863, 0x0863, 0x0863,
    0x0863, 0x0863, 0x0863, 0x0863, 0x0863, 0x0863, 0x0863, 0x0863, 0x0863, 0x0863, 0x0863, 0x0863,
    0x0863, 0x0863, 0x0863, 0x0863, 0x0863, 0x0863, 0x0863, 0x0863, 0x0863, 0x0863, 0x0863, 0x0863,
    0x0863, 0x0863, 0x0863, 0x0863, 0x0863, 0x0863, 0x0863, 0x0863, 0x0863, 0x0863, 0x0863, 0x0863,
    0x0863, 0x0863, 0x0863, 0x0863, 0x0863, 0x0863, 0x0863, 0x0863, 0x0863, 0x0863, 0x0863, 0x0863,
    0x0863, 0x0863, 0x0863, 0x0863, 0x0863, 0x0863, 0x0863, 0x0863, 0x0863, 0x0863, 0x0863, 0x0863,
    0x0863, 0x0863, 0x0863, 0x0863, 0x0863, 0x0863, 0x0863, 0x0863, 0x0863, 0x0863, 0x0863, 0x0863,
    0x0863, 0x0863, 0x0863, 0x0863, 0x0863, 0x0863, 0x0863, 0x0863, 0x0863, 0x0863, 0x0863, 0x0863,
    0x0863, 0x0863, 0x0863, 0x0863, 0x0863, 0x0863, 0x0863, 0x0863, 0x0863, 0x0863, 0x0863, 0x0863,
    0x0863, 0x0863, 0x0863, 0x0863, 0x0863, 0x0863, 0x0863, 0x0863, 0x0863, 0x0863, 0x0863, 0x0863,
    0x0884, 0x08A6, 0x08C7, 0x08C7, 0x08C7, 0x08E7, 0x08E7, 0x00E7, 0x00E7, 0x00E7, 0x00E7, 0x00E7,
    0x0107, 0x0107, 0x0107, 0x0107, 0x0127, 0x0127, 0x0127, 0x0127, 0x0127, 0x0127, 0x0147, 0x0147,
    0x0947, 0x0147, 0x0147, 0x0147, 0x0147, 0x0167, 0x0167, 0x0167, 0x00E5, 0x0863, 0x0863, 0x0863,
    0x0863, 0x0863, 0x0863, 0x0863, 0x0863, 0x0863, 0x0863, 0x0863, 0x0863, 0x0863, 0x0863, 0x0863,
    0x0863, 0x0863, 0x0863, 0x0863, 0x0863, 0x0863, 0x0863, 0x0863, 0x0863, 0x0863, 0x0863, 0x0863,
    0x0863, 0x0863, 0x0863, 0x0863, 0x0863, 0x0863, 0x0863, 0x0863, 0x0863, 0x0863, 0x0863, 0x0863,
    0x0863, 0x0863, 0x0863, 0x0863, 0x0863, 0x0863, 0x0863, 0x0863, 0x0863, 0x0863, 0x0863, 0x0863,
    0x0863, 0x0863, 0x0863, 0x0863, 0x0863, 0x0863, 0x0863, 0x0863, 0x0863, 0x0863, 0x0863, 0x0863,
    0x0863, 0x0863, 0x0863, 0x0863, 0x0863, 0x0863, 0x0863, 0x0863, 0x0863, 0x0863, 0x0863, 0x0863,
    0x0863, 0x0863, 0x0863, 0x0863, 0x0863, 0x0863, 0x0863, 0x0863, 0x0863, 0x0863, 0x0863, 0x0863,
    0x0863, 0x0863, 0x0863, 0x0863, 0x0863, 0x0863, 0x0863, 0x0863, 0x0863, 0x0863, 0x0863, 0x0863,
    0x0863, 0x0863, 0x0863, 0x0863, 0x0863, 0x0863, 0x0863, 0x0863, 0x0863, 0x0863, 0x0863, 0x0863,
    0x0863, 0x0863, 0x0863, 0x0863, 0x0863, 0x0863, 0x0863, 0x0863, 0x0863, 0x0863, 0x0863, 0x0863,
    0x0863, 0x0863, 0x0863, 0x0863, 0x0863, 0x0863, 0x0863, 0x0863, 0x0863, 0x0863, 0x0863, 0x0863,
    0x0863, 0x0863, 0x0863, 0x0863, 0x0863, 0x0863, 0x0863, 0x0863, 0x0863, 0x0863, 0x0863, 0x0863,
    0x0863, 0x0863, 0x0863, 0x0863, 0x0863, 0x0863, 0x0863, 0x0863, 0x0863, 0x0863, 0x0863, 0x0863,
    0x0863, 0x0863, 0x0863, 0x0863, 0x0863, 0x0863, 0x0863, 0x0863, 0x0863, 0x0863, 0x0863, 0x0863,
    0x0863, 0x0863, 0x0863, 0x0863, 0x0863, 0x0863, 0x0863, 0x0863, 0x0863, 0x0863, 0x0863, 0x0863,
    0x0863, 0x0863, 0x0863, 0x0863, 0x0863, 0x0863, 0x0863, 0x0863, 0x0863, 0x0863, 0x0863, 0x0863,
    0x0863, 0x0863, 0x0863, 0x0863, 0x0863, 0x0863, 0x0863, 0x0863, 0x0863, 0x0863, 0x0863, 0x0863,
    0x0863, 0x0863, 0x0863, 0x0863, 0x0863, 0x0863, 0x0863, 0x0863, 0x0863, 0x0863, 0x0863, 0x0863,
    0x0863, 0x0863, 0x0863, 0x0863, 0x0863, 0x0863, 0x0863, 0x0863, 0x0863, 0x0863, 0x0863, 0x0863,
    0x0863, 0x0863, 0x0863, 0x0863, 0x0863, 0x0863, 0x0863, 0x0863, 0x0863, 0x0863, 0x0863, 0x0863,
    0x0863, 0x0863, 0x0863, 0x0863, 0x0863, 0x0863, 0x0863, 0x0863, 0x0863, 0x0863, 0x0863, 0x0863,
    0x0863, 0x0863, 0x0863, 0x0863, 0x0863, 0x0863, 0x0863, 0x0863, 0x0863, 0x0863, 0x0863, 0x0863,
    0x0863, 0x0863, 0x0863, 0x0863, 0x0863, 0x0863, 0x0863, 0x0863, 0x0863, 0x0863, 0x0863, 0x0863,
    0x0863, 0x0863, 0x0863, 0x0863, 0x0863, 0x0863, 0x0863, 0x0863, 0x0863, 0x0863, 0x0863, 0x0863,
    0x0863, 0x0863, 0x0863, 0x0863, 0x0863, 0x0863, 0x0863, 0x0863, 0x0863, 0x0863, 0x0863, 0x0863,
    0x0863, 0x0863, 0x0863, 0x0863, 0x0863, 0x0863, 0x0863, 0x0863, 0x0863, 0x0863, 0x0863, 0x0863,
    0x0863, 0x0863, 0x0863, 0x0863, 0x0863, 0x0863, 0x0863, 0x0863, 0x0863, 0x0863, 0x0863, 0x0863,
    0x0863, 0x0863, 0x0863, 0x0863, 0x0863, 0x0863, 0x0863, 0x0863, 0x0863, 0x0863, 0x0863, 0x0863,
    0x0863, 0x0863, 0x0863, 0x0863, 0x0863, 0x0863, 0x0863, 0x0863, 0x0863, 0x0863, 0x0863, 0x0863,
    0x0863, 0x0863, 0x0863, 0x0863, 0x0863, 0x0863, 0x0863, 0x0863, 0x0863, 0x0863, 0x0863, 0x0863,
    0x0863, 0x0863, 0x0863, 0x0863, 0x0863, 0x0863, 0x0863, 0x0863, 0x0863, 0x0863, 0x0863, 0x0863,
    0x0863, 0x0863, 0x0863, 0x0863, 0x0863, 0x0863, 0x0863, 0x0863, 0x0863, 0x0863, 0x0863, 0x0863,
    0x0863, 0x0863, 0x0863, 0x0863, 0x0863, 0x0863, 0x0863, 0x0863, 0x0863, 0x0863, 0x0863, 0x0863,
    0x0863, 0x0863, 0x0863, 0x0863, 0x0863, 0x0863, 0x0863, 0x0863, 0x0863, 0x0863, 0x0863, 0x0863,
    0x0863, 0x0863, 0x0863, 0x0863, 0x0863, 0x0863, 0x0863, 0x0863, 0x0863, 0x0863, 0x0863, 0x0863,
    0x0863, 0x0863, 0x0863, 0x0863, 0x0863, 0x0863, 0x0863, 0x0863, 0x0863, 0x0863, 0x0863, 0x0863,
    0x0863, 0x0863, 0x0863, 0x0863, 0x0863, 0x0863, 0x0863, 0x0863, 0x0863, 0x0863, 0x0863, 0x0863,
    0x0863, 0x0863, 0x0863, 0x0863, 0x0863, 0x0863, 0x0863, 0x0863, 0x0863, 0x0863, 0x0863, 0x0863,
    0x0863, 0x0863, 0x0863, 0x0863, 0x0863, 0x0863, 0x0863, 0x0863, 0x0863, 0x0863, 0x0863, 0x0863,
    0x0863, 0x0863, 0x0863, 0x0863, 0x0863, 0x0863, 0x0863, 0x0863, 0x0863, 0x0863, 0x0863, 0x0863,
    0x0863, 0x0863, 0x0863, 0x0863, 0x0863, 0x0863, 0x0863, 0x0863, 0x0863, 0x0863, 0x0863, 0x0863,
    0x0863, 0x0863, 0x0863, 0x0863, 0x0863, 0x0863, 0x0863, 0x0863, 0x0863, 0x0863, 0x0863, 0x0863,
    0x0863, 0x0863, 0x0863, 0x0863, 0x0863, 0x0863, 0x0863, 0x0863, 0x0863, 0x0863, 0x0863, 0x0863,
    0x0863, 0x0863, 0x0863, 0x0863, 0x0863, 0x0863, 0x0863, 0x0863, 0x0863, 0x0863, 0x0863, 0x0863,
    0x0863, 0x0863, 0x0863, 0x0863, 0x0863, 0x0863, 0x0863, 0x0863, 0x0863, 0x0863, 0x0863, 0x0863,
    0x0863, 0x0863, 0x0863, 0x0863, 0x0863, 0x0863, 0x0863, 0x0863, 0x0863, 0x0863, 0x0863, 0x0863,
    0x0863, 0x0863, 0x0863, 0x0863, 0x0863, 0x0863, 0x0863, 0x0863, 0x0863, 0x0863, 0x0863, 0x0863,
    0x0863, 0x0863, 0x0863, 0x0863, 0x0863, 0x0863, 0x0863, 0x0863, 0x0863, 0x0863, 0x0863, 0x0863,
    0x0863, 0x0863, 0x0863, 0x0863, 0x0863, 0x0863, 0x0863, 0x0863, 0x0863, 0x0863, 0x0863, 0x0863,
    0x0863, 0x0863, 0x0863, 0x0863, 0x0863, 0x0863, 0x0863, 0x0863, 0x0863, 0x0863, 0x0863, 0x0863,
    0x0863, 0x0863, 0x0863, 0x0863, 0x0863, 0x0863, 0x0863, 0x0863, 0x0863, 0x0863, 0x0863, 0x0863,
    0x0863, 0x0863, 0x0863, 0x0863, 0x0863, 0x0863, 0x0863, 0x0863, 0x0863, 0x0863, 0x0863, 0x0863,
    0x0863, 0x0863, 0x0863, 0x0863, 0x0863, 0x0863, 0x0863, 0x0863, 0x0863, 0x0863, 0x0863, 0x0863,
    0x0863, 0x0863, 0x0863, 0x0863, 0x0863, 0x0863, 0x0863, 0x0863, 0x0863, 0x0863, 0x0863, 0x0863,
    0x0863, 0x0863, 0x0863, 0x0863, 0x0863, 0x0863, 0x0863, 0x0863, 0x0863, 0x0863, 0x0863, 0x0863,
    0x0863, 0x0863, 0x0863, 0x0863, 0x0863, 0x0863, 0x0863, 0x0863, 0x0863, 0x0863, 0x0863, 0x0863,
    0x0863, 0x0863, 0x0863, 0x0863, 0x0863, 0x0863, 0x0863, 0x0863, 0x0863, 0x0863, 0x0863, 0x0863,
    0x0863, 0x0863, 0x0863, 0x0863, 0x0863, 0x0863, 0x0863, 0x0863, 0x0863, 0x0863, 0x0863, 0x0863,
    0x0863, 0x0863, 0x0863, 0x0863, 0x0863, 0x0863, 0x0863, 0x0863, 0x0863, 0x0863, 0x0863, 0x0863,
    0x0863, 0x0863, 0x0863, 0x0863, 0x0863, 0x0863, 0x0863, 0x0863, 0x0863, 0x0863, 0x0863, 0x0863,
    0x0863, 0x0863, 0x0863, 0x0863, 0x0863, 0x0863, 0x0863, 0x0863, 0x0863, 0x0863, 0x0863, 0x0863,
    0x0863, 0x0863, 0x0863, 0x0863, 0x0863, 0x0863, 0x0863, 0x0863, 0x0863, 0x0863, 0x0863, 0x0863,
    0x0863, 0x0863, 0x0863, 0x0863, 0x0863, 0x0863, 0x0863, 0x0863, 0x0863, 0x0863, 0x0863, 0x0863,
    0x0863, 0x0863, 0x0863, 0x0863, 0x0863, 0x0863, 0x0863, 0x0863, 0x0863, 0x0863, 0x0863, 0x0863,
    0x0863, 0x0863, 0x0863, 0x0863, 0x0863, 0x0863, 0x0863, 0x0863, 0x0863, 0x0863, 0x0863, 0x0863,
    0x0863, 0x0863, 0x0863, 0x0863, 0x0863, 0x0863, 0x0863, 0x0863, 0x0863, 0x0863, 0x0863, 0x0863,
    0x0863, 0x0863, 0x0863, 0x0863, 0x0863, 0x0863, 0x0863, 0x0863, 0x0863, 0x0863, 0x0863, 0x0863,
    0x0863, 0x0863, 0x0863, 0x0863, 0x0863, 0x0863, 0x0863, 0x0863, 0x0863, 0x0863, 0x0863, 0x0863,
    0x0863, 0x0863, 0x0863, 0x0863, 0x0863, 0x0863, 0x0863, 0x0863, 0x0863, 0x0863, 0x0863, 0x0863,
    0x0863, 0x0863, 0x0863, 0x0863, 0x0863, 0x0863, 0x0863, 0x0863, 0x0863, 0x0863, 0x0863, 0x0863,
    0x0863, 0x0863, 0x0863, 0x0863, 0x0863, 0x0863, 0x0863, 0x0863, 0x0863, 0x0863, 0x0863, 0x0863,
    0x0863, 0x0863, 0x0863, 0x0863, 0x0863, 0x0863, 0x0863, 0x0863, 0x0863, 0x0863, 0x0863, 0x0863,
    0x0863, 0x0863, 0x0863, 0x0863, 0x0863, 0x0863, 0x0863, 0x0863, 0x0863, 0x0863, 0x0863, 0x0863,
    0x0863, 0x0863, 0x0863, 0x0863, 0x0863, 0x0863, 0x0863, 0x0863, 0x0863, 0x0863, 0x0863, 0x0863,
    0x0863, 0x0863, 0x0863, 0x0863, 0x0863, 0x0863, 0x0863, 0x0863, 0x0863, 0x0863, 0x0863, 0x0863,
    0x0863, 0x0863, 0x0863, 0x0863, 0x0863, 0x0863, 0x0863, 0x0863, 0x0863, 0x0863, 0x0863, 0x0863,
    0x0863, 0x0863, 0x0863, 0x0863, 0x0863, 0x0863, 0x0863, 0x0863, 0x0863, 0x0863, 0x0863, 0x0863,
    0x0863, 0x0863, 0x0863, 0x0863, 0x0863, 0x0863, 0x0863, 0x0863, 0x0863, 0x0863, 0x0863, 0x0863,
    0x0863, 0x0863, 0x0863, 0x0863, 0x0863, 0x0863, 0x0863, 0x0863, 0x0863, 0x0863, 0x0863, 0x0863,
    0x0863, 0x0863, 0x0863, 0x0863, 0x0863, 0x0863, 0x0863, 0x0863, 0x0863, 0x0863, 0x0863, 0x0863,
    0x0863, 0x0863, 0x0863, 0x0863, 0x0863, 0x0863, 0x0863, 0x0863, 0x0863, 0x0863, 0x0863, 0x0863,
    0x0863, 0x0863, 0x0863, 0x0863, 0x0863, 0x0863, 0x0863, 0x0863, 0x0863, 0x0863, 0x0863, 0x0863,
    0x0863, 0x0863, 0x0863, 0x0863, 0x0863, 0x0863, 0x0863, 0x0863, 0x0863, 0x0863, 0x0863, 0x0863,
    0x0863, 0x0863, 0x0863, 0x0863, 0x0863, 0x0863, 0x0863, 0x0863, 0x0863, 0x0863, 0x0863, 0x0863,
    0x0863, 0x0863, 0x0863, 0x0863, 0x0863, 0x0863, 0x0863, 0x0863, 0x0863, 0x0863, 0x0863, 0x0863,
    0x0863, 0x0863, 0x0863, 0x0863, 0x0863, 0x0863, 0x0863, 0x0863, 0x0863, 0x0863, 0x0863, 0x0863,
    0x0863, 0x0863, 0x0863, 0x0863, 0x0863, 0x0863, 0x0863, 0x0863, 0x0863, 0x0863, 0x0863, 0x0863,
    0x0863, 0x0863, 0x0863, 0x0863, 0x0863, 0x0863, 0x0863, 0x0863, 0x0863, 0x0863, 0x0863, 0x0863,
    0x0863, 0x0863, 0x0863, 0x0863, 0x0863, 0x0863, 0x0863, 0x0863, 0x0863, 0x0863, 0x0863, 0x0863,
    0x0863, 0x0863, 0x0863, 0x0863, 0x0863, 0x0863, 0x0863, 0x0863, 0x0863, 0x0863, 0x0863, 0x0863,
    0x0863, 0x0863, 0x0863, 0x0863, 0x0863, 0x0863, 0x0863, 0x0863, 0x0863, 0x0863, 0x0863, 0x0863,
    0x0863, 0x0863, 0x0863, 0x0863, 0x0863, 0x0863, 0x0863, 0x0863, 0x0863, 0x0863, 0x0863, 0x0863,
    0x0863, 0x0863, 0x0863, 0x0863, 0x0863, 0x0863, 0x0863, 0x0863, 0x0863, 0x0863, 0x0863, 0x0863,
    0x0863, 0x0863, 0x0863, 0x0863, 0x0863, 0x0863, 0x0863, 0x0863, 0x0863, 0x0863, 0x0863, 0x0863,
    0x0863, 0x0863, 0x0863, 0x0863, 0x0863, 0x0863, 0x0863, 0x0863, 0x0863, 0x0863, 0x0863, 0x0863,
};

#endif  // CELEROS_ASSETS_SPLASH_LOGO_H
